STD_YM,STD_YMD,GSD_NM,SGG_NM,CARD_POS,CLN_GENDER,CLN_AGE,CLN_GDS_NM,CLN_REG_YN,RY_L_CD,RY_M_CD,CARD_AMT,CARD_CNT
202301,2023-01-01,경기도,분당구,개인,남,10대,분당구,거주,유통,편의점,40373,3
202301,2023-01-01,경기도,수정구,개인,남,10대,수정구,거주,유통,편의점,16031,8
202301,2023-01-01,경기도,중원구,개인,남,10대,중원구,거주,유통,편의점,32785,1
202301,2023-01-01,경기도,분당구,개인,남,20대,분당구,거주,유통,편의점,38669,3
202301,2023-01-01,경기도,수정구,개인,남,20대,수정구,거주,유통,편의점,12282,1
202301,2023-01-01,경기도,중원구,개인,남,20대,중원구,거주,유통,편의점,34364,5
202301,2023-01-01,경기도,분당구,개인,남,30대,분당구,거주,유통,편의점,19428,1
202301,2023-01-01,경기도,수정구,개인,남,30대,수정구,거주,유통,편의점,19342,9
202301,2023-01-01,경기도,중원구,개인,남,30대,중원구,거주,유통,편의점,17446,8
202301,2023-01-01,경기도,분당구,개인,남,40대,분당구,거주,유통,편의점,48392,6
202301,2023-01-01,경기도,수정구,개인,남,40대,수정구,거주,유통,편의점,44587,5
202301,2023-01-01,경기도,중원구,개인,남,40대,중원구,거주,유통,편의점,23749,2
202301,2023-01-01,경기도,분당구,개인,남,50대,분당구,거주,유통,편의점,45426,7
202301,2023-01-01,경기도,수정구,개인,남,50대,수정구,거주,유통,편의점,44888,5
202301,2023-01-01,경기도,중원구,개인,남,50대,중원구,거주,유통,편의점,20213,2
202301,2023-01-01,경기도,분당구,개인,남,60대이상,분당구,거주,유통,편의점,44591,3
202301,2023-01-01,경기도,수정구,개인,남,60대이상,수정구,거주,유통,편의점,28626,9
202301,2023-01-01,경기도,중원구,개인,남,60대이상,중원구,거주,유통,편의점,13134,7
202301,2023-01-01,경기도,분당구,개인,여,10대,분당구,거주,유통,편의점,26743,9
202301,2023-01-01,경기도,수정구,개인,여,10대,수정구,거주,유통,편의점,11141,4
202301,2023-01-01,경기도,중원구,개인,여,10대,중원구,거주,유통,편의점,30384,8
202301,2023-01-01,경기도,분당구,개인,여,20대,분당구,거주,유통,편의점,46129,8
202301,2023-01-01,경기도,수정구,개인,여,20대,수정구,거주,유통,편의점,21172,7
202301,2023-01-01,경기도,중원구,개인,여,20대,중원구,거주,유통,편의점,13267,5
202301,2023-01-01,경기도,분당구,개인,여,30대,분당구,거주,유통,편의점,36167,1
202301,2023-01-01,경기도,수정구,개인,여,30대,수정구,거주,유통,편의점,37840,4
202301,2023-01-01,경기도,중원구,개인,여,30대,중원구,거주,유통,편의점,15906,2
202301,2023-01-01,경기도,분당구,개인,여,40대,분당구,거주,유통,편의점,12011,3
202301,2023-01-01,경기도,수정구,개인,여,40대,수정구,거주,유통,편의점,21738,1
202301,2023-01-01,경기도,중원구,개인,여,40대,중원구,거주,유통,편의점,21120,6
202301,2023-01-01,경기도,분당구,개인,여,50대,분당구,거주,유통,편의점,18767,5
202301,2023-01-01,경기도,수정구,개인,여,50대,수정구,거주,유통,편의점,23703,2
202301,2023-01-01,경기도,중원구,개인,여,50대,중원구,거주,유통,편의점,21951,4
202301,2023-01-01,경기도,분당구,개인,여,60대이상,분당구,거주,유통,편의점,36039,6
202301,2023-01-01,경기도,수정구,개인,여,60대이상,수정구,거주,유통,편의점,39504,4
202301,2023-01-01,경기도,중원구,개인,여,60대이상,중원구,거주,유통,편의점,15744,2
202301,2023-01-02,경기도,분당구,개인,남,10대,분당구,거주,유통,편의점,49748,8
202301,2023-01-02,경기도,수정구,개인,남,10대,수정구,거주,유통,편의점,29799,3
202301,2023-01-02,경기도,중원구,개인,남,10대,중원구,거주,유통,편의점,14652,4
202301,2023-01-02,경기도,분당구,개인,남,20대,분당구,거주,유통,편의점,17597,6
202301,2023-01-02,경기도,수정구,개인,남,20대,수정구,거주,유통,편의점,47226,3
202301,2023-01-02,경기도,중원구,개인,남,20대,중원구,거주,유통,편의점,36417,6
202301,2023-01-02,경기도,분당구,개인,남,30대,분당구,거주,유통,편의점,24138,5
202301,2023-01-02,경기도,수정구,개인,남,30대,수정구,거주,유통,편의점,12169,5
202301,2023-01-02,경기도,중원구,개인,남,30대,중원구,거주,유통,편의점,16313,5
202301,2023-01-02,경기도,분당구,개인,남,40대,분당구,거주,유통,편의점,41778,7
202301,2023-01-02,경기도,수정구,개인,남,40대,수정구,거주,유통,편의점,33173,4
202301,2023-01-02,경기도,중원구,개인,남,40대,중원구,거주,유통,편의점,10785,9
202301,2023-01-02,경기도,분당구,개인,남,50대,분당구,거주,유통,편의점,28800,4
202301,2023-01-02,경기도,수정구,개인,남,50대,수정구,거주,유통,편의점,44704,6
202301,2023-01-02,경기도,중원구,개인,남,50대,중원구,거주,유통,편의점,37716,5
202301,2023-01-02,경기도,분당구,개인,남,60대이상,분당구,거주,유통,편의점,25848,1
202301,2023-01-02,경기도,수정구,개인,남,60대이상,수정구,거주,유통,편의점,11932,2
202301,2023-01-02,경기도,중원구,개인,남,60대이상,중원구,거주,유통,편의점,18556,6
202301,2023-01-02,경기도,분당구,개인,여,10대,분당구,거주,유통,편의점,31300,7
202301,2023-01-02,경기도,수정구,개인,여,10대,수정구,거주,유통,편의점,19569,3
202301,2023-01-02,경기도,중원구,개인,여,10대,중원구,거주,유통,편의점,14857,1
202301,2023-01-02,경기도,분당구,개인,여,20대,분당구,거주,유통,편의점,10340,5
202301,2023-01-02,경기도,수정구,개인,여,20대,수정구,거주,유통,편의점,18491,7
202301,2023-01-02,경기도,중원구,개인,여,20대,중원구,거주,유통,편의점,19714,1
202301,2023-01-02,경기도,분당구,개인,여,30대,분당구,거주,유통,편의점,44395,8
202301,2023-01-02,경기도,수정구,개인,여,30대,수정구,거주,유통,편의점,25996,3
202301,2023-01-02,경기도,중원구,개인,여,30대,중원구,거주,유통,편의점,47772,2
202301,2023-01-02,경기도,분당구,개인,여,40대,분당구,거주,유통,편의점,36762,4
202301,2023-01-02,경기도,수정구,개인,여,40대,수정구,거주,유통,편의점,49420,1
202301,2023-01-02,경기도,중원구,개인,여,40대,중원구,거주,유통,편의점,29554,2
202301,2023-01-02,경기도,분당구,개인,여,50대,분당구,거주,유통,편의점,44919,6
202301,2023-01-02,경기도,수정구,개인,여,50대,수정구,거주,유통,편의점,49673,3
202301,2023-01-02,경기도,중원구,개인,여,50대,중원구,거주,유통,편의점,22452,7
202301,2023-01-02,경기도,분당구,개인,여,60대이상,분당구,거주,유통,편의점,28951,5
202301,2023-01-02,경기도,수정구,개인,여,60대이상,수정구,거주,유통,편의점,35232,5
202301,2023-01-02,경기도,중원구,개인,여,60대이상,중원구,거주,유통,편의점,36485,3
202301,2023-01-03,경기도,분당구,개인,남,10대,분당구,거주,유통,편의점,20238,5
202301,2023-01-03,경기도,수정구,개인,남,10대,수정구,거주,유통,편의점,34842,6
202301,2023-01-03,경기도,중원구,개인,남,10대,중원구,거주,유통,편의점,11708,6
202301,2023-01-03,경기도,분당구,개인,남,20대,분당구,거주,유통,편의점,38308,6
202301,2023-01-03,경기도,수정구,개인,남,20대,수정구,거주,유통,편의점,36086,5
202301,2023-01-03,경기도,중원구,개인,남,20대,중원구,거주,유통,편의점,35552,8
202301,2023-01-03,경기도,분당구,개인,남,30대,분당구,거주,유통,편의점,11960,6
202301,2023-01-03,경기도,수정구,개인,남,30대,수정구,거주,유통,편의점,42272,3
202301,2023-01-03,경기도,중원구,개인,남,30대,중원구,거주,유통,편의점,47529,4
202301,2023-01-03,경기도,분당구,개인,남,40대,분당구,거주,유통,편의점,39535,6
202301,2023-01-03,경기도,수정구,개인,남,40대,수정구,거주,유통,편의점,17166,7
202301,2023-01-03,경기도,중원구,개인,남,40대,중원구,거주,유통,편의점,48115,6
202301,2023-01-03,경기도,분당구,개인,남,50대,분당구,거주,유통,편의점,38064,8
202301,2023-01-03,경기도,수정구,개인,남,50대,수정구,거주,유통,편의점,12454,9
202301,2023-01-03,경기도,중원구,개인,남,50대,중원구,거주,유통,편의점,49410,2
202301,2023-01-03,경기도,분당구,개인,남,60대이상,분당구,거주,유통,편의점,46304,3
202301,2023-01-03,경기도,수정구,개인,남,60대이상,수정구,거주,유통,편의점,13802,2
202301,2023-01-03,경기도,중원구,개인,남,60대이상,중원구,거주,유통,편의점,31083,3
202301,2023-01-03,경기도,분당구,개인,여,10대,분당구,거주,유통,편의점,32190,4
202301,2023-01-03,경기도,수정구,개인,여,10대,수정구,거주,유통,편의점,43132,3
202301,2023-01-03,경기도,중원구,개인,여,10대,중원구,거주,유통,편의점,29503,9
202301,2023-01-03,경기도,분당구,개인,여,20대,분당구,거주,유통,편의점,44631,4
202301,2023-01-03,경기도,수정구,개인,여,20대,수정구,거주,유통,편의점,49852,1
202301,2023-01-03,경기도,중원구,개인,여,20대,중원구,거주,유통,편의점,12384,1
202301,2023-01-03,경기도,분당구,개인,여,30대,분당구,거주,유통,편의점,25072,8
202301,2023-01-03,경기도,수정구,개인,여,30대,수정구,거주,유통,편의점,24482,6
202301,2023-01-03,경기도,중원구,개인,여,30대,중원구,거주,유통,편의점,31826,5
202301,2023-01-03,경기도,분당구,개인,여,40대,분당구,거주,유통,편의점,35518,7
202301,2023-01-03,경기도,수정구,개인,여,40대,수정구,거주,유통,편의점,43905,6
202301,2023-01-03,경기도,중원구,개인,여,40대,중원구,거주,유통,편의점,46188,6
202301,2023-01-03,경기도,분당구,개인,여,50대,분당구,거주,유통,편의점,31162,3
202301,2023-01-03,경기도,수정구,개인,여,50대,수정구,거주,유통,편의점,29337,5
202301,2023-01-03,경기도,중원구,개인,여,50대,중원구,거주,유통,편의점,27611,2
202301,2023-01-03,경기도,분당구,개인,여,60대이상,분당구,거주,유통,편의점,21944,8
202301,2023-01-03,경기도,수정구,개인,여,60대이상,수정구,거주,유통,편의점,25906,8
202301,2023-01-03,경기도,중원구,개인,여,60대이상,중원구,거주,유통,편의점,30536,3
202301,2023-01-04,경기도,분당구,개인,남,10대,분당구,거주,유통,편의점,22306,2
202301,2023-01-04,경기도,수정구,개인,남,10대,수정구,거주,유통,편의점,20503,1
202301,2023-01-04,경기도,중원구,개인,남,10대,중원구,거주,유통,편의점,21590,7
202301,2023-01-04,경기도,분당구,개인,남,20대,분당구,거주,유통,편의점,22866,1
202301,2023-01-04,경기도,수정구,개인,남,20대,수정구,거주,유통,편의점,13363,9
202301,2023-01-04,경기도,중원구,개인,남,20대,중원구,거주,유통,편의점,19764,1
202301,2023-01-04,경기도,분당구,개인,남,30대,분당구,거주,유통,편의점,30620,8
202301,2023-01-04,경기도,수정구,개인,남,30대,수정구,거주,유통,편의점,22935,5
202301,2023-01-04,경기도,중원구,개인,남,30대,중원구,거주,유통,편의점,17295,9
202301,2023-01-04,경기도,분당구,개인,남,40대,분당구,거주,유통,편의점,21390,1
202301,2023-01-04,경기도,수정구,개인,남,40대,수정구,거주,유통,편의점,30131,3
202301,2023-01-04,경기도,중원구,개인,남,40대,중원구,거주,유통,편의점,20433,8
202301,2023-01-04,경기도,분당구,개인,남,50대,분당구,거주,유통,편의점,38182,9
202301,2023-01-04,경기도,수정구,개인,남,50대,수정구,거주,유통,편의점,31281,4
202301,2023-01-04,경기도,중원구,개인,남,50대,중원구,거주,유통,편의점,18605,6
202301,2023-01-04,경기도,분당구,개인,남,60대이상,분당구,거주,유통,편의점,11098,3
202301,2023-01-04,경기도,수정구,개인,남,60대이상,수정구,거주,유통,편의점,34322,2
202301,2023-01-04,경기도,중원구,개인,남,60대이상,중원구,거주,유통,편의점,12092,3
202301,2023-01-04,경기도,분당구,개인,여,10대,분당구,거주,유통,편의점,48010,6
202301,2023-01-04,경기도,수정구,개인,여,10대,수정구,거주,유통,편의점,32031,2
202301,2023-01-04,경기도,중원구,개인,여,10대,중원구,거주,유통,편의점,25271,1
202301,2023-01-04,경기도,분당구,개인,여,20대,분당구,거주,유통,편의점,22449,6
202301,2023-01-04,경기도,수정구,개인,여,20대,수정구,거주,유통,편의점,49233,2
202301,2023-01-04,경기도,중원구,개인,여,20대,중원구,거주,유통,편의점,20350,2
202301,2023-01-04,경기도,분당구,개인,여,30대,분당구,거주,유통,편의점,12951,7
202301,2023-01-04,경기도,수정구,개인,여,30대,수정구,거주,유통,편의점,14727,7
202301,2023-01-04,경기도,중원구,개인,여,30대,중원구,거주,유통,편의점,46469,7
202301,2023-01-04,경기도,분당구,개인,여,40대,분당구,거주,유통,편의점,38454,1
202301,2023-01-04,경기도,수정구,개인,여,40대,수정구,거주,유통,편의점,25592,5
202301,2023-01-04,경기도,중원구,개인,여,40대,중원구,거주,유통,편의점,45596,5
202301,2023-01-04,경기도,분당구,개인,여,50대,분당구,거주,유통,편의점,33864,9
202301,2023-01-04,경기도,수정구,개인,여,50대,수정구,거주,유통,편의점,40750,1
202301,2023-01-04,경기도,중원구,개인,여,50대,중원구,거주,유통,편의점,26566,7
202301,2023-01-04,경기도,분당구,개인,여,60대이상,분당구,거주,유통,편의점,33071,4
202301,2023-01-04,경기도,수정구,개인,여,60대이상,수정구,거주,유통,편의점,11589,4
202301,2023-01-04,경기도,중원구,개인,여,60대이상,중원구,거주,유통,편의점,35235,2
202301,2023-01-05,경기도,분당구,개인,남,10대,분당구,거주,유통,편의점,25373,2
202301,2023-01-05,경기도,수정구,개인,남,10대,수정구,거주,유통,편의점,49323,4
202301,2023-01-05,경기도,중원구,개인,남,10대,중원구,거주,유통,편의점,18244,8
202301,2023-01-05,경기도,분당구,개인,남,20대,분당구,거주,유통,편의점,41566,6
202301,2023-01-05,경기도,수정구,개인,남,20대,수정구,거주,유통,편의점,28691,7
202301,2023-01-05,경기도,중원구,개인,남,20대,중원구,거주,유통,편의점,15585,7
202301,2023-01-05,경기도,분당구,개인,남,30대,분당구,거주,유통,편의점,48814,2
202301,2023-01-05,경기도,수정구,개인,남,30대,수정구,거주,유통,편의점,47713,8
202301,2023-01-05,경기도,중원구,개인,남,30대,중원구,거주,유통,편의점,17016,1
202301,2023-01-05,경기도,분당구,개인,남,40대,분당구,거주,유통,편의점,34142,9
202301,2023-01-05,경기도,수정구,개인,남,40대,수정구,거주,유통,편의점,33545,2
202301,2023-01-05,경기도,중원구,개인,남,40대,중원구,거주,유통,편의점,13167,6
202301,2023-01-05,경기도,분당구,개인,남,50대,분당구,거주,유통,편의점,36917,1
202301,2023-01-05,경기도,수정구,개인,남,50대,수정구,거주,유통,편의점,37990,8
202301,2023-01-05,경기도,중원구,개인,남,50대,중원구,거주,유통,편의점,24087,9
202301,2023-01-05,경기도,분당구,개인,남,60대이상,분당구,거주,유통,편의점,45205,5
202301,2023-01-05,경기도,수정구,개인,남,60대이상,수정구,거주,유통,편의점,25275,9
202301,2023-01-05,경기도,중원구,개인,남,60대이상,중원구,거주,유통,편의점,15276,9
202301,2023-01-05,경기도,분당구,개인,여,10대,분당구,거주,유통,편의점,29008,3
202301,2023-01-05,경기도,수정구,개인,여,10대,수정구,거주,유통,편의점,15793,4
202301,2023-01-05,경기도,중원구,개인,여,10대,중원구,거주,유통,편의점,41331,2
202301,2023-01-05,경기도,분당구,개인,여,20대,분당구,거주,유통,편의점,35394,3
202301,2023-01-05,경기도,수정구,개인,여,20대,수정구,거주,유통,편의점,12224,6
202301,2023-01-05,경기도,중원구,개인,여,20대,중원구,거주,유통,편의점,42441,7
202301,2023-01-05,경기도,분당구,개인,여,30대,분당구,거주,유통,편의점,49129,1
202301,2023-01-05,경기도,수정구,개인,여,30대,수정구,거주,유통,편의점,36586,9
202301,2023-01-05,경기도,중원구,개인,여,30대,중원구,거주,유통,편의점,33478,7
202301,2023-01-05,경기도,분당구,개인,여,40대,분당구,거주,유통,편의점,30180,5
202301,2023-01-05,경기도,수정구,개인,여,40대,수정구,거주,유통,편의점,43002,5
202301,2023-01-05,경기도,중원구,개인,여,40대,중원구,거주,유통,편의점,34427,1
202301,2023-01-05,경기도,분당구,개인,여,50대,분당구,거주,유통,편의점,38099,9
202301,2023-01-05,경기도,수정구,개인,여,50대,수정구,거주,유통,편의점,19821,9
202301,2023-01-05,경기도,중원구,개인,여,50대,중원구,거주,유통,편의점,22820,4
202301,2023-01-05,경기도,분당구,개인,여,60대이상,분당구,거주,유통,편의점,49890,3
202301,2023-01-05,경기도,수정구,개인,여,60대이상,수정구,거주,유통,편의점,11316,1
202301,2023-01-05,경기도,중원구,개인,여,60대이상,중원구,거주,유통,편의점,27508,6
202301,2023-01-06,경기도,분당구,개인,남,10대,분당구,거주,유통,편의점,25206,9
202301,2023-01-06,경기도,수정구,개인,남,10대,수정구,거주,유통,편의점,11378,2
202301,2023-01-06,경기도,중원구,개인,남,10대,중원구,거주,유통,편의점,48861,3
202301,2023-01-06,경기도,분당구,개인,남,20대,분당구,거주,유통,편의점,15355,9
202301,2023-01-06,경기도,수정구,개인,남,20대,수정구,거주,유통,편의점,19083,7
202301,2023-01-06,경기도,중원구,개인,남,20대,중원구,거주,유통,편의점,30456,2
202301,2023-01-06,경기도,분당구,개인,남,30대,분당구,거주,유통,편의점,37364,4
202301,2023-01-06,경기도,수정구,개인,남,30대,수정구,거주,유통,편의점,36654,2
202301,2023-01-06,경기도,중원구,개인,남,30대,중원구,거주,유통,편의점,25887,9
202301,2023-01-06,경기도,분당구,개인,남,40대,분당구,거주,유통,편의점,30808,6
202301,2023-01-06,경기도,수정구,개인,남,40대,수정구,거주,유통,편의점,40154,6
202301,2023-01-06,경기도,중원구,개인,남,40대,중원구,거주,유통,편의점,44773,1
202301,2023-01-06,경기도,분당구,개인,남,50대,분당구,거주,유통,편의점,37747,7
202301,2023-01-06,경기도,수정구,개인,남,50대,수정구,거주,유통,편의점,28156,2
202301,2023-01-06,경기도,중원구,개인,남,50대,중원구,거주,유통,편의점,30360,8
202301,2023-01-06,경기도,분당구,개인,남,60대이상,분당구,거주,유통,편의점,35351,7
202301,2023-01-06,경기도,수정구,개인,남,60대이상,수정구,거주,유통,편의점,40499,2
202301,2023-01-06,경기도,중원구,개인,남,60대이상,중원구,거주,유통,편의점,33554,6
202301,2023-01-06,경기도,분당구,개인,여,10대,분당구,거주,유통,편의점,29604,8
202301,2023-01-06,경기도,수정구,개인,여,10대,수정구,거주,유통,편의점,18547,5
202301,2023-01-06,경기도,중원구,개인,여,10대,중원구,거주,유통,편의점,43002,3
202301,2023-01-06,경기도,분당구,개인,여,20대,분당구,거주,유통,편의점,17480,1
202301,2023-01-06,경기도,수정구,개인,여,20대,수정구,거주,유통,편의점,14213,6
202301,2023-01-06,경기도,중원구,개인,여,20대,중원구,거주,유통,편의점,44441,5
202301,2023-01-06,경기도,분당구,개인,여,30대,분당구,거주,유통,편의점,12100,5
202301,2023-01-06,경기도,수정구,개인,여,30대,수정구,거주,유통,편의점,28199,2
202301,2023-01-06,경기도,중원구,개인,여,30대,중원구,거주,유통,편의점,18016,4
202301,2023-01-06,경기도,분당구,개인,여,40대,분당구,거주,유통,편의점,47261,3
202301,2023-01-06,경기도,수정구,개인,여,40대,수정구,거주,유통,편의점,34472,3
202301,2023-01-06,경기도,중원구,개인,여,40대,중원구,거주,유통,편의점,44926,6
202301,2023-01-06,경기도,분당구,개인,여,50대,분당구,거주,유통,편의점,44832,6
202301,2023-01-06,경기도,수정구,개인,여,50대,수정구,거주,유통,편의점,34087,9
202301,2023-01-06,경기도,중원구,개인,여,50대,중원구,거주,유통,편의점,11401,6
202301,2023-01-06,경기도,분당구,개인,여,60대이상,분당구,거주,유통,편의점,30307,7
202301,2023-01-06,경기도,수정구,개인,여,60대이상,수정구,거주,유통,편의점,29611,1
202301,2023-01-06,경기도,중원구,개인,여,60대이상,중원구,거주,유통,편의점,21867,6
202301,2023-01-07,경기도,분당구,개인,남,10대,분당구,거주,유통,편의점,15818,9
202301,2023-01-07,경기도,수정구,개인,남,10대,수정구,거주,유통,편의점,40116,6
202301,2023-01-07,경기도,중원구,개인,남,10대,중원구,거주,유통,편의점,38038,5
202301,2023-01-07,경기도,분당구,개인,남,20대,분당구,거주,유통,편의점,39336,1
202301,2023-01-07,경기도,수정구,개인,남,20대,수정구,거주,유통,편의점,14025,7
202301,2023-01-07,경기도,중원구,개인,남,20대,중원구,거주,유통,편의점,30093,5
202301,2023-01-07,경기도,분당구,개인,남,30대,분당구,거주,유통,편의점,30963,7
202301,2023-01-07,경기도,수정구,개인,남,30대,수정구,거주,유통,편의점,30936,8
202301,2023-01-07,경기도,중원구,개인,남,30대,중원구,거주,유통,편의점,37606,9
202301,2023-01-07,경기도,분당구,개인,남,40대,분당구,거주,유통,편의점,38151,8
202301,2023-01-07,경기도,수정구,개인,남,40대,수정구,거주,유통,편의점,21308,6
202301,2023-01-07,경기도,중원구,개인,남,40대,중원구,거주,유통,편의점,34770,9
202301,2023-01-07,경기도,분당구,개인,남,50대,분당구,거주,유통,편의점,12204,2
202301,2023-01-07,경기도,수정구,개인,남,50대,수정구,거주,유통,편의점,31729,7
202301,2023-01-07,경기도,중원구,개인,남,50대,중원구,거주,유통,편의점,31607,9
202301,2023-01-07,경기도,분당구,개인,남,60대이상,분당구,거주,유통,편의점,43398,5
202301,2023-01-07,경기도,수정구,개인,남,60대이상,수정구,거주,유통,편의점,36423,4
202301,2023-01-07,경기도,중원구,개인,남,60대이상,중원구,거주,유통,편의점,22721,6
202301,2023-01-07,경기도,분당구,개인,여,10대,분당구,거주,유통,편의점,26616,1
202301,2023-01-07,경기도,수정구,개인,여,10대,수정구,거주,유통,편의점,48458,7
202301,2023-01-07,경기도,중원구,개인,여,10대,중원구,거주,유통,편의점,21704,9
202301,2023-01-07,경기도,분당구,개인,여,20대,분당구,거주,유통,편의점,41226,3
202301,2023-01-07,경기도,수정구,개인,여,20대,수정구,거주,유통,편의점,32794,5
202301,2023-01-07,경기도,중원구,개인,여,20대,중원구,거주,유통,편의점,23379,1
202301,2023-01-07,경기도,분당구,개인,여,30대,분당구,거주,유통,편의점,43840,4
202301,2023-01-07,경기도,수정구,개인,여,30대,수정구,거주,유통,편의점,42983,6
202301,2023-01-07,경기도,중원구,개인,여,30대,중원구,거주,유통,편의점,19915,9
202301,2023-01-07,경기도,분당구,개인,여,40대,분당구,거주,유통,편의점,28990,9
202301,2023-01-07,경기도,수정구,개인,여,40대,수정구,거주,유통,편의점,46081,1
202301,2023-01-07,경기도,중원구,개인,여,40대,중원구,거주,유통,편의점,26241,5
202301,2023-01-07,경기도,분당구,개인,여,50대,분당구,거주,유통,편의점,15939,9
202301,2023-01-07,경기도,수정구,개인,여,50대,수정구,거주,유통,편의점,45063,6
202301,2023-01-07,경기도,중원구,개인,여,50대,중원구,거주,유통,편의점,44464,2
202301,2023-01-07,경기도,분당구,개인,여,60대이상,분당구,거주,유통,편의점,37045,2
202301,2023-01-07,경기도,수정구,개인,여,60대이상,수정구,거주,유통,편의점,29167,5
202301,2023-01-07,경기도,중원구,개인,여,60대이상,중원구,거주,유통,편의점,37076,6
202301,2023-01-08,경기도,분당구,개인,남,10대,분당구,거주,유통,편의점,29029,2
202301,2023-01-08,경기도,수정구,개인,남,10대,수정구,거주,유통,편의점,41433,3
202301,2023-01-08,경기도,중원구,개인,남,10대,중원구,거주,유통,편의점,47853,6
202301,2023-01-08,경기도,분당구,개인,남,20대,분당구,거주,유통,편의점,11116,8
202301,2023-01-08,경기도,수정구,개인,남,20대,수정구,거주,유통,편의점,21691,1
202301,2023-01-08,경기도,중원구,개인,남,20대,중원구,거주,유통,편의점,34272,2
202301,2023-01-08,경기도,분당구,개인,남,30대,분당구,거주,유통,편의점,23979,6
202301,2023-01-08,경기도,수정구,개인,남,30대,수정구,거주,유통,편의점,38328,4
202301,2023-01-08,경기도,중원구,개인,남,30대,중원구,거주,유통,편의점,35851,8
202301,2023-01-08,경기도,분당구,개인,남,40대,분당구,거주,유통,편의점,40527,9
202301,2023-01-08,경기도,수정구,개인,남,40대,수정구,거주,유통,편의점,15451,5
202301,2023-01-08,경기도,중원구,개인,남,40대,중원구,거주,유통,편의점,49954,7
202301,2023-01-08,경기도,분당구,개인,남,50대,분당구,거주,유통,편의점,41030,6
202301,2023-01-08,경기도,수정구,개인,남,50대,수정구,거주,유통,편의점,40873,6
202301,2023-01-08,경기도,중원구,개인,남,50대,중원구,거주,유통,편의점,10619,3
202301,2023-01-08,경기도,분당구,개인,남,60대이상,분당구,거주,유통,편의점,35372,2
202301,2023-01-08,경기도,수정구,개인,남,60대이상,수정구,거주,유통,편의점,44064,5
202301,2023-01-08,경기도,중원구,개인,남,60대이상,중원구,거주,유통,편의점,12895,2
202301,2023-01-08,경기도,분당구,개인,여,10대,분당구,거주,유통,편의점,15366,8
202301,2023-01-08,경기도,수정구,개인,여,10대,수정구,거주,유통,편의점,29596,8
202301,2023-01-08,경기도,중원구,개인,여,10대,중원구,거주,유통,편의점,20717,4
202301,2023-01-08,경기도,분당구,개인,여,20대,분당구,거주,유통,편의점,33360,7
202301,2023-01-08,경기도,수정구,개인,여,20대,수정구,거주,유통,편의점,41312,4
202301,2023-01-08,경기도,중원구,개인,여,20대,중원구,거주,유통,편의점,38247,2
202301,2023-01-08,경기도,분당구,개인,여,30대,분당구,거주,유통,편의점,32357,6
202301,2023-01-08,경기도,수정구,개인,여,30대,수정구,거주,유통,편의점,37691,9
202301,2023-01-08,경기도,중원구,개인,여,30대,중원구,거주,유통,편의점,28852,4
202301,2023-01-08,경기도,분당구,개인,여,40대,분당구,거주,유통,편의점,28020,5
202301,2023-01-08,경기도,수정구,개인,여,40대,수정구,거주,유통,편의점,28601,8
202301,2023-01-08,경기도,중원구,개인,여,40대,중원구,거주,유통,편의점,28753,7
202301,2023-01-08,경기도,분당구,개인,여,50대,분당구,거주,유통,편의점,19135,6
202301,2023-01-08,경기도,수정구,개인,여,50대,수정구,거주,유통,편의점,37236,9
202301,2023-01-08,경기도,중원구,개인,여,50대,중원구,거주,유통,편의점,47212,3
202301,2023-01-08,경기도,분당구,개인,여,60대이상,분당구,거주,유통,편의점,30331,4
202301,2023-01-08,경기도,수정구,개인,여,60대이상,수정구,거주,유통,편의점,33816,6
202301,2023-01-08,경기도,중원구,개인,여,60대이상,중원구,거주,유통,편의점,29702,2
202301,2023-01-09,경기도,분당구,개인,남,10대,분당구,거주,유통,편의점,12176,9
202301,2023-01-09,경기도,수정구,개인,남,10대,수정구,거주,유통,편의점,37228,7
202301,2023-01-09,경기도,중원구,개인,남,10대,중원구,거주,유통,편의점,30208,3
202301,2023-01-09,경기도,분당구,개인,남,20대,분당구,거주,유통,편의점,19171,4
202301,2023-01-09,경기도,수정구,개인,남,20대,수정구,거주,유통,편의점,43396,3
202301,2023-01-09,경기도,중원구,개인,남,20대,중원구,거주,유통,편의점,13696,7
202301,2023-01-09,경기도,분당구,개인,남,30대,분당구,거주,유통,편의점,30058,1
202301,2023-01-09,경기도,수정구,개인,남,30대,수정구,거주,유통,편의점,14956,4
202301,2023-01-09,경기도,중원구,개인,남,30대,중원구,거주,유통,편의점,27076,2
202301,2023-01-09,경기도,분당구,개인,남,40대,분당구,거주,유통,편의점,25417,4
202301,2023-01-09,경기도,수정구,개인,남,40대,수정구,거주,유통,편의점,42598,9
202301,2023-01-09,경기도,중원구,개인,남,40대,중원구,거주,유통,편의점,30584,5
202301,2023-01-09,경기도,분당구,개인,남,50대,분당구,거주,유통,편의점,44681,1
202301,2023-01-09,경기도,수정구,개인,남,50대,수정구,거주,유통,편의점,31904,6
202301,2023-01-09,경기도,중원구,개인,남,50대,중원구,거주,유통,편의점,44540,9
202301,2023-01-09,경기도,분당구,개인,남,60대이상,분당구,거주,유통,편의점,29164,4
202301,2023-01-09,경기도,수정구,개인,남,60대이상,수정구,거주,유통,편의점,22996,8
202301,2023-01-09,경기도,중원구,개인,남,60대이상,중원구,거주,유통,편의점,32626,3
202301,2023-01-09,경기도,분당구,개인,여,10대,분당구,거주,유통,편의점,11132,7
202301,2023-01-09,경기도,수정구,개인,여,10대,수정구,거주,유통,편의점,33854,7
202301,2023-01-09,경기도,중원구,개인,여,10대,중원구,거주,유통,편의점,49065,8
202301,2023-01-09,경기도,분당구,개인,여,20대,분당구,거주,유통,편의점,17812,5
202301,2023-01-09,경기도,수정구,개인,여,20대,수정구,거주,유통,편의점,14557,4
202301,2023-01-09,경기도,중원구,개인,여,20대,중원구,거주,유통,편의점,19065,4
202301,2023-01-09,경기도,분당구,개인,여,30대,분당구,거주,유통,편의점,45948,8
202301,2023-01-09,경기도,수정구,개인,여,30대,수정구,거주,유통,편의점,49464,3
202301,2023-01-09,경기도,중원구,개인,여,30대,중원구,거주,유통,편의점,38783,7
202301,2023-01-09,경기도,분당구,개인,여,40대,분당구,거주,유통,편의점,23869,9
202301,2023-01-09,경기도,수정구,개인,여,40대,수정구,거주,유통,편의점,30954,4
202301,2023-01-09,경기도,중원구,개인,여,40대,중원구,거주,유통,편의점,26654,3
202301,2023-01-09,경기도,분당구,개인,여,50대,분당구,거주,유통,편의점,45236,1
202301,2023-01-09,경기도,수정구,개인,여,50대,수정구,거주,유통,편의점,25042,8
202301,2023-01-09,경기도,중원구,개인,여,50대,중원구,거주,유통,편의점,24270,4
202301,2023-01-09,경기도,분당구,개인,여,60대이상,분당구,거주,유통,편의점,29991,8
202301,2023-01-09,경기도,수정구,개인,여,60대이상,수정구,거주,유통,편의점,22265,4
202301,2023-01-09,경기도,중원구,개인,여,60대이상,중원구,거주,유통,편의점,26673,9
202301,2023-01-10,경기도,분당구,개인,남,10대,분당구,거주,유통,편의점,37056,7
202301,2023-01-10,경기도,수정구,개인,남,10대,수정구,거주,유통,편의점,46020,8
202301,2023-01-10,경기도,중원구,개인,남,10대,중원구,거주,유통,편의점,33155,7
202301,2023-01-10,경기도,분당구,개인,남,20대,분당구,거주,유통,편의점,26964,5
202301,2023-01-10,경기도,수정구,개인,남,20대,수정구,거주,유통,편의점,47544,9
202301,2023-01-10,경기도,중원구,개인,남,20대,중원구,거주,유통,편의점,42252,9
202301,2023-01-10,경기도,분당구,개인,남,30대,분당구,거주,유통,편의점,35275,6
202301,2023-01-10,경기도,수정구,개인,남,30대,수정구,거주,유통,편의점,48213,5
202301,2023-01-10,경기도,중원구,개인,남,30대,중원구,거주,유통,편의점,32918,7
202301,2023-01-10,경기도,분당구,개인,남,40대,분당구,거주,유통,편의점,29540,4
202301,2023-01-10,경기도,수정구,개인,남,40대,수정구,거주,유통,편의점,48402,3
202301,2023-01-10,경기도,중원구,개인,남,40대,중원구,거주,유통,편의점,34917,4
202301,2023-01-10,경기도,분당구,개인,남,50대,분당구,거주,유통,편의점,22251,6
202301,2023-01-10,경기도,수정구,개인,남,50대,수정구,거주,유통,편의점,30466,4
202301,2023-01-10,경기도,중원구,개인,남,50대,중원구,거주,유통,편의점,29624,5
202301,2023-01-10,경기도,분당구,개인,남,60대이상,분당구,거주,유통,편의점,32412,7
202301,2023-01-10,경기도,수정구,개인,남,60대이상,수정구,거주,유통,편의점,45517,5
202301,2023-01-10,경기도,중원구,개인,남,60대이상,중원구,거주,유통,편의점,33064,3
202301,2023-01-10,경기도,분당구,개인,여,10대,분당구,거주,유통,편의점,26589,9
202301,2023-01-10,경기도,수정구,개인,여,10대,수정구,거주,유통,편의점,30975,6
202301,2023-01-10,경기도,중원구,개인,여,10대,중원구,거주,유통,편의점,30195,7
202301,2023-01-10,경기도,분당구,개인,여,20대,분당구,거주,유통,편의점,37127,6
202301,2023-01-10,경기도,수정구,개인,여,20대,수정구,거주,유통,편의점,38884,6
202301,2023-01-10,경기도,중원구,개인,여,20대,중원구,거주,유통,편의점,12708,8
202301,2023-01-10,경기도,분당구,개인,여,30대,분당구,거주,유통,편의점,25088,7
202301,2023-01-10,경기도,수정구,개인,여,30대,수정구,거주,유통,편의점,20014,2
202301,2023-01-10,경기도,중원구,개인,여,30대,중원구,거주,유통,편의점,41486,9
202301,2023-01-10,경기도,분당구,개인,여,40대,분당구,거주,유통,편의점,19168,6
202301,2023-01-10,경기도,수정구,개인,여,40대,수정구,거주,유통,편의점,37128,1
202301,2023-01-10,경기도,중원구,개인,여,40대,중원구,거주,유통,편의점,38483,4
202301,2023-01-10,경기도,분당구,개인,여,50대,분당구,거주,유통,편의점,23422,9
202301,2023-01-10,경기도,수정구,개인,여,50대,수정구,거주,유통,편의점,21156,5
202301,2023-01-10,경기도,중원구,개인,여,50대,중원구,거주,유통,편의점,41845,1
202301,2023-01-10,경기도,분당구,개인,여,60대이상,분당구,거주,유통,편의점,48078,9
202301,2023-01-10,경기도,수정구,개인,여,60대이상,수정구,거주,유통,편의점,12610,4
202301,2023-01-10,경기도,중원구,개인,여,60대이상,중원구,거주,유통,편의점,43872,9
202301,2023-01-11,경기도,분당구,개인,남,10대,분당구,거주,유통,편의점,39566,8
202301,2023-01-11,경기도,수정구,개인,남,10대,수정구,거주,유통,편의점,30583,7
202301,2023-01-11,경기도,중원구,개인,남,10대,중원구,거주,유통,편의점,11914,6
202301,2023-01-11,경기도,분당구,개인,남,20대,분당구,거주,유통,편의점,29456,7
202301,2023-01-11,경기도,수정구,개인,남,20대,수정구,거주,유통,편의점,23689,7
202301,2023-01-11,경기도,중원구,개인,남,20대,중원구,거주,유통,편의점,43276,9
202301,2023-01-11,경기도,분당구,개인,남,30대,분당구,거주,유통,편의점,46432,2
202301,2023-01-11,경기도,수정구,개인,남,30대,수정구,거주,유통,편의점,23050,9
202301,2023-01-11,경기도,중원구,개인,남,30대,중원구,거주,유통,편의점,28908,9
202301,2023-01-11,경기도,분당구,개인,남,40대,분당구,거주,유통,편의점,31644,6
202301,2023-01-11,경기도,수정구,개인,남,40대,수정구,거주,유통,편의점,47125,4
202301,2023-01-11,경기도,중원구,개인,남,40대,중원구,거주,유통,편의점,45060,3
202301,2023-01-11,경기도,분당구,개인,남,50대,분당구,거주,유통,편의점,46176,1
202301,2023-01-11,경기도,수정구,개인,남,50대,수정구,거주,유통,편의점,35675,7
202301,2023-01-11,경기도,중원구,개인,남,50대,중원구,거주,유통,편의점,47055,1
202301,2023-01-11,경기도,분당구,개인,남,60대이상,분당구,거주,유통,편의점,22112,3
202301,2023-01-11,경기도,수정구,개인,남,60대이상,수정구,거주,유통,편의점,19689,4
202301,2023-01-11,경기도,중원구,개인,남,60대이상,중원구,거주,유통,편의점,43919,4
202301,2023-01-11,경기도,분당구,개인,여,10대,분당구,거주,유통,편의점,16033,1
202301,2023-01-11,경기도,수정구,개인,여,10대,수정구,거주,유통,편의점,14946,4
202301,2023-01-11,경기도,중원구,개인,여,10대,중원구,거주,유통,편의점,46258,8
202301,2023-01-11,경기도,분당구,개인,여,20대,분당구,거주,유통,편의점,14173,1
202301,2023-01-11,경기도,수정구,개인,여,20대,수정구,거주,유통,편의점,14769,7
202301,2023-01-11,경기도,중원구,개인,여,20대,중원구,거주,유통,편의점,24211,8
202301,2023-01-11,경기도,분당구,개인,여,30대,분당구,거주,유통,편의점,37962,3
202301,2023-01-11,경기도,수정구,개인,여,30대,수정구,거주,유통,편의점,14997,9
202301,2023-01-11,경기도,중원구,개인,여,30대,중원구,거주,유통,편의점,27376,1
202301,2023-01-11,경기도,분당구,개인,여,40대,분당구,거주,유통,편의점,48055,3
202301,2023-01-11,경기도,수정구,개인,여,40대,수정구,거주,유통,편의점,28624,5
202301,2023-01-11,경기도,중원구,개인,여,40대,중원구,거주,유통,편의점,49194,6
202301,2023-01-11,경기도,분당구,개인,여,50대,분당구,거주,유통,편의점,43767,3
202301,2023-01-11,경기도,수정구,개인,여,50대,수정구,거주,유통,편의점,45531,9
202301,2023-01-11,경기도,중원구,개인,여,50대,중원구,거주,유통,편의점,13731,4
202301,2023-01-11,경기도,분당구,개인,여,60대이상,분당구,거주,유통,편의점,37798,2
202301,2023-01-11,경기도,수정구,개인,여,60대이상,수정구,거주,유통,편의점,29477,3
202301,2023-01-11,경기도,중원구,개인,여,60대이상,중원구,거주,유통,편의점,30792,5
202301,2023-01-12,경기도,분당구,개인,남,10대,분당구,거주,유통,편의점,21889,7
202301,2023-01-12,경기도,수정구,개인,남,10대,수정구,거주,유통,편의점,31074,3
202301,2023-01-12,경기도,중원구,개인,남,10대,중원구,거주,유통,편의점,47327,8
202301,2023-01-12,경기도,분당구,개인,남,20대,분당구,거주,유통,편의점,17291,1
202301,2023-01-12,경기도,수정구,개인,남,20대,수정구,거주,유통,편의점,10112,5
202301,2023-01-12,경기도,중원구,개인,남,20대,중원구,거주,유통,편의점,36500,1
202301,2023-01-12,경기도,분당구,개인,남,30대,분당구,거주,유통,편의점,29552,5
202301,2023-01-12,경기도,수정구,개인,남,30대,수정구,거주,유통,편의점,20808,5
202301,2023-01-12,경기도,중원구,개인,남,30대,중원구,거주,유통,편의점,49029,8
202301,2023-01-12,경기도,분당구,개인,남,40대,분당구,거주,유통,편의점,41802,1
202301,2023-01-12,경기도,수정구,개인,남,40대,수정구,거주,유통,편의점,40013,2
202301,2023-01-12,경기도,중원구,개인,남,40대,중원구,거주,유통,편의점,26402,6
202301,2023-01-12,경기도,분당구,개인,남,50대,분당구,거주,유통,편의점,36049,7
202301,2023-01-12,경기도,수정구,개인,남,50대,수정구,거주,유통,편의점,35027,1
202301,2023-01-12,경기도,중원구,개인,남,50대,중원구,거주,유통,편의점,13765,7
202301,2023-01-12,경기도,분당구,개인,남,60대이상,분당구,거주,유통,편의점,25950,7
202301,2023-01-12,경기도,수정구,개인,남,60대이상,수정구,거주,유통,편의점,19741,7
202301,2023-01-12,경기도,중원구,개인,남,60대이상,중원구,거주,유통,편의점,34703,6
202301,2023-01-12,경기도,분당구,개인,여,10대,분당구,거주,유통,편의점,47623,4
202301,2023-01-12,경기도,수정구,개인,여,10대,수정구,거주,유통,편의점,33580,8
202301,2023-01-12,경기도,중원구,개인,여,10대,중원구,거주,유통,편의점,25166,9
202301,2023-01-12,경기도,분당구,개인,여,20대,분당구,거주,유통,편의점,39240,8
202301,2023-01-12,경기도,수정구,개인,여,20대,수정구,거주,유통,편의점,48556,1
202301,2023-01-12,경기도,중원구,개인,여,20대,중원구,거주,유통,편의점,20561,6
202301,2023-01-12,경기도,분당구,개인,여,30대,분당구,거주,유통,편의점,40020,9
202301,2023-01-12,경기도,수정구,개인,여,30대,수정구,거주,유통,편의점,11988,2
202301,2023-01-12,경기도,중원구,개인,여,30대,중원구,거주,유통,편의점,24256,1
202301,2023-01-12,경기도,분당구,개인,여,40대,분당구,거주,유통,편의점,38230,3
202301,2023-01-12,경기도,수정구,개인,여,40대,수정구,거주,유통,편의점,32625,9
202301,2023-01-12,경기도,중원구,개인,여,40대,중원구,거주,유통,편의점,24114,2
202301,2023-01-12,경기도,분당구,개인,여,50대,분당구,거주,유통,편의점,15755,8
202301,2023-01-12,경기도,수정구,개인,여,50대,수정구,거주,유통,편의점,20825,6
202301,2023-01-12,경기도,중원구,개인,여,50대,중원구,거주,유통,편의점,14117,7
202301,2023-01-12,경기도,분당구,개인,여,60대이상,분당구,거주,유통,편의점,38890,6
202301,2023-01-12,경기도,수정구,개인,여,60대이상,수정구,거주,유통,편의점,32547,9
202301,2023-01-12,경기도,중원구,개인,여,60대이상,중원구,거주,유통,편의점,39267,3
202301,2023-01-13,경기도,분당구,개인,남,10대,분당구,거주,유통,편의점,36990,2
202301,2023-01-13,경기도,수정구,개인,남,10대,수정구,거주,유통,편의점,40109,5
202301,2023-01-13,경기도,중원구,개인,남,10대,중원구,거주,유통,편의점,29233,6
202301,2023-01-13,경기도,분당구,개인,남,20대,분당구,거주,유통,편의점,26194,6
202301,2023-01-13,경기도,수정구,개인,남,20대,수정구,거주,유통,편의점,44510,9
202301,2023-01-13,경기도,중원구,개인,남,20대,중원구,거주,유통,편의점,39231,6
202301,2023-01-13,경기도,분당구,개인,남,30대,분당구,거주,유통,편의점,46963,2
202301,2023-01-13,경기도,수정구,개인,남,30대,수정구,거주,유통,편의점,39084,4
202301,2023-01-13,경기도,중원구,개인,남,30대,중원구,거주,유통,편의점,19280,3
202301,2023-01-13,경기도,분당구,개인,남,40대,분당구,거주,유통,편의점,24296,5
202301,2023-01-13,경기도,수정구,개인,남,40대,수정구,거주,유통,편의점,25438,6
202301,2023-01-13,경기도,중원구,개인,남,40대,중원구,거주,유통,편의점,12994,5
202301,2023-01-13,경기도,분당구,개인,남,50대,분당구,거주,유통,편의점,44039,6
202301,2023-01-13,경기도,수정구,개인,남,50대,수정구,거주,유통,편의점,37491,2
202301,2023-01-13,경기도,중원구,개인,남,50대,중원구,거주,유통,편의점,28845,9
202301,2023-01-13,경기도,분당구,개인,남,60대이상,분당구,거주,유통,편의점,47164,4
202301,2023-01-13,경기도,수정구,개인,남,60대이상,수정구,거주,유통,편의점,23318,1
202301,2023-01-13,경기도,중원구,개인,남,60대이상,중원구,거주,유통,편의점,10082,1
202301,2023-01-13,경기도,분당구,개인,여,10대,분당구,거주,유통,편의점,21683,9
202301,2023-01-13,경기도,수정구,개인,여,10대,수정구,거주,유통,편의점,25596,6
202301,2023-01-13,경기도,중원구,개인,여,10대,중원구,거주,유통,편의점,18367,6
202301,2023-01-13,경기도,분당구,개인,여,20대,분당구,거주,유통,편의점,47705,2
202301,2023-01-13,경기도,수정구,개인,여,20대,수정구,거주,유통,편의점,28485,2
202301,2023-01-13,경기도,중원구,개인,여,20대,중원구,거주,유통,편의점,29874,4
202301,2023-01-13,경기도,분당구,개인,여,30대,분당구,거주,유통,편의점,17674,5
202301,2023-01-13,경기도,수정구,개인,여,30대,수정구,거주,유통,편의점,39038,4
202301,2023-01-13,경기도,중원구,개인,여,30대,중원구,거주,유통,편의점,13676,9
202301,2023-01-13,경기도,분당구,개인,여,40대,분당구,거주,유통,편의점,34473,3
202301,2023-01-13,경기도,수정구,개인,여,40대,수정구,거주,유통,편의점,39943,1
202301,2023-01-13,경기도,중원구,개인,여,40대,중원구,거주,유통,편의점,14138,9
202301,2023-01-13,경기도,분당구,개인,여,50대,분당구,거주,유통,편의점,35640,2
202301,2023-01-13,경기도,수정구,개인,여,50대,수정구,거주,유통,편의점,20451,8
202301,2023-01-13,경기도,중원구,개인,여,50대,중원구,거주,유통,편의점,20278,1
202301,2023-01-13,경기도,분당구,개인,여,60대이상,분당구,거주,유통,편의점,11134,4
202301,2023-01-13,경기도,수정구,개인,여,60대이상,수정구,거주,유통,편의점,47887,1
202301,2023-01-13,경기도,중원구,개인,여,60대이상,중원구,거주,유통,편의점,32520,5
202301,2023-01-14,경기도,분당구,개인,남,10대,분당구,거주,유통,편의점,15039,2
202301,2023-01-14,경기도,수정구,개인,남,10대,수정구,거주,유통,편의점,20442,2
202301,2023-01-14,경기도,중원구,개인,남,10대,중원구,거주,유통,편의점,37586,1
202301,2023-01-14,경기도,분당구,개인,남,20대,분당구,거주,유통,편의점,30810,2
202301,2023-01-14,경기도,수정구,개인,남,20대,수정구,거주,유통,편의점,44397,7
202301,2023-01-14,경기도,중원구,개인,남,20대,중원구,거주,유통,편의점,36249,2
202301,2023-01-14,경기도,분당구,개인,남,30대,분당구,거주,유통,편의점,36149,3
202301,2023-01-14,경기도,수정구,개인,남,30대,수정구,거주,유통,편의점,15283,8
202301,2023-01-14,경기도,중원구,개인,남,30대,중원구,거주,유통,편의점,20626,6
202301,2023-01-14,경기도,분당구,개인,남,40대,분당구,거주,유통,편의점,41552,7
202301,2023-01-14,경기도,수정구,개인,남,40대,수정구,거주,유통,편의점,20103,8
202301,2023-01-14,경기도,중원구,개인,남,40대,중원구,거주,유통,편의점,43458,1
202301,2023-01-14,경기도,분당구,개인,남,50대,분당구,거주,유통,편의점,33624,6
202301,2023-01-14,경기도,수정구,개인,남,50대,수정구,거주,유통,편의점,34170,9
202301,2023-01-14,경기도,중원구,개인,남,50대,중원구,거주,유통,편의점,26678,1
202301,2023-01-14,경기도,분당구,개인,남,60대이상,분당구,거주,유통,편의점,30411,1
202301,2023-01-14,경기도,수정구,개인,남,60대이상,수정구,거주,유통,편의점,36293,5
202301,2023-01-14,경기도,중원구,개인,남,60대이상,중원구,거주,유통,편의점,31128,2
202301,2023-01-14,경기도,분당구,개인,여,10대,분당구,거주,유통,편의점,22855,5
202301,2023-01-14,경기도,수정구,개인,여,10대,수정구,거주,유통,편의점,45585,6
202301,2023-01-14,경기도,중원구,개인,여,10대,중원구,거주,유통,편의점,28425,8
202301,2023-01-14,경기도,분당구,개인,여,20대,분당구,거주,유통,편의점,38273,5
202301,2023-01-14,경기도,수정구,개인,여,20대,수정구,거주,유통,편의점,35934,2
202301,2023-01-14,경기도,중원구,개인,여,20대,중원구,거주,유통,편의점,34417,6
202301,2023-01-14,경기도,분당구,개인,여,30대,분당구,거주,유통,편의점,20751,9
202301,2023-01-14,경기도,수정구,개인,여,30대,수정구,거주,유통,편의점,23516,4
202301,2023-01-14,경기도,중원구,개인,여,30대,중원구,거주,유통,편의점,41957,7
202301,2023-01-14,경기도,분당구,개인,여,40대,분당구,거주,유통,편의점,46412,6
202301,2023-01-14,경기도,수정구,개인,여,40대,수정구,거주,유통,편의점,36711,4
202301,2023-01-14,경기도,중원구,개인,여,40대,중원구,거주,유통,편의점,41707,1
202301,2023-01-14,경기도,분당구,개인,여,50대,분당구,거주,유통,편의점,35398,3
202301,2023-01-14,경기도,수정구,개인,여,50대,수정구,거주,유통,편의점,23261,6
202301,2023-01-14,경기도,중원구,개인,여,50대,중원구,거주,유통,편의점,40449,9
202301,2023-01-14,경기도,분당구,개인,여,60대이상,분당구,거주,유통,편의점,11637,6
202301,2023-01-14,경기도,수정구,개인,여,60대이상,수정구,거주,유통,편의점,23652,5
202301,2023-01-14,경기도,중원구,개인,여,60대이상,중원구,거주,유통,편의점,44800,5
202301,2023-01-15,경기도,분당구,개인,남,10대,분당구,거주,유통,편의점,41174,3
202301,2023-01-15,경기도,수정구,개인,남,10대,수정구,거주,유통,편의점,45436,4
202301,2023-01-15,경기도,중원구,개인,남,10대,중원구,거주,유통,편의점,25954,3
202301,2023-01-15,경기도,분당구,개인,남,20대,분당구,거주,유통,편의점,22356,1
202301,2023-01-15,경기도,수정구,개인,남,20대,수정구,거주,유통,편의점,42963,8
202301,2023-01-15,경기도,중원구,개인,남,20대,중원구,거주,유통,편의점,31225,7
202301,2023-01-15,경기도,분당구,개인,남,30대,분당구,거주,유통,편의점,42828,4
202301,2023-01-15,경기도,수정구,개인,남,30대,수정구,거주,유통,편의점,13927,9
202301,2023-01-15,경기도,중원구,개인,남,30대,중원구,거주,유통,편의점,40444,7
202301,2023-01-15,경기도,분당구,개인,남,40대,분당구,거주,유통,편의점,12591,7
202301,2023-01-15,경기도,수정구,개인,남,40대,수정구,거주,유통,편의점,36147,1
202301,2023-01-15,경기도,중원구,개인,남,40대,중원구,거주,유통,편의점,25721,7
202301,2023-01-15,경기도,분당구,개인,남,50대,분당구,거주,유통,편의점,21087,1
202301,2023-01-15,경기도,수정구,개인,남,50대,수정구,거주,유통,편의점,33408,5
202301,2023-01-15,경기도,중원구,개인,남,50대,중원구,거주,유통,편의점,49740,9
202301,2023-01-15,경기도,분당구,개인,남,60대이상,분당구,거주,유통,편의점,27413,3
202301,2023-01-15,경기도,수정구,개인,남,60대이상,수정구,거주,유통,편의점,28978,7
202301,2023-01-15,경기도,중원구,개인,남,60대이상,중원구,거주,유통,편의점,10661,9
202301,2023-01-15,경기도,분당구,개인,여,10대,분당구,거주,유통,편의점,37253,5
202301,2023-01-15,경기도,수정구,개인,여,10대,수정구,거주,유통,편의점,42854,1
202301,2023-01-15,경기도,중원구,개인,여,10대,중원구,거주,유통,편의점,48987,7
202301,2023-01-15,경기도,분당구,개인,여,20대,분당구,거주,유통,편의점,34527,3
202301,2023-01-15,경기도,수정구,개인,여,20대,수정구,거주,유통,편의점,16968,6
202301,2023-01-15,경기도,중원구,개인,여,20대,중원구,거주,유통,편의점,37886,5
202301,2023-01-15,경기도,분당구,개인,여,30대,분당구,거주,유통,편의점,38246,4
202301,2023-01-15,경기도,수정구,개인,여,30대,수정구,거주,유통,편의점,15520,7
202301,2023-01-15,경기도,중원구,개인,여,30대,중원구,거주,유통,편의점,46455,5
202301,2023-01-15,경기도,분당구,개인,여,40대,분당구,거주,유통,편의점,30929,5
202301,2023-01-15,경기도,수정구,개인,여,40대,수정구,거주,유통,편의점,24955,2
202301,2023-01-15,경기도,중원구,개인,여,40대,중원구,거주,유통,편의점,23917,6
202301,2023-01-15,경기도,분당구,개인,여,50대,분당구,거주,유통,편의점,23045,1
202301,2023-01-15,경기도,수정구,개인,여,50대,수정구,거주,유통,편의점,14733,3
202301,2023-01-15,경기도,중원구,개인,여,50대,중원구,거주,유통,편의점,33501,3
202301,2023-01-15,경기도,분당구,개인,여,60대이상,분당구,거주,유통,편의점,39345,9
202301,2023-01-15,경기도,수정구,개인,여,60대이상,수정구,거주,유통,편의점,36829,7
202301,2023-01-15,경기도,중원구,개인,여,60대이상,중원구,거주,유통,편의점,45062,6
202301,2023-01-16,경기도,분당구,개인,남,10대,분당구,거주,유통,편의점,41870,3
202301,2023-01-16,경기도,수정구,개인,남,10대,수정구,거주,유통,편의점,13453,8
202301,2023-01-16,경기도,중원구,개인,남,10대,중원구,거주,유통,편의점,48396,9
202301,2023-01-16,경기도,분당구,개인,남,20대,분당구,거주,유통,편의점,25534,1
202301,2023-01-16,경기도,수정구,개인,남,20대,수정구,거주,유통,편의점,29389,1
202301,2023-01-16,경기도,중원구,개인,남,20대,중원구,거주,유통,편의점,45010,8
202301,2023-01-16,경기도,분당구,개인,남,30대,분당구,거주,유통,편의점,47865,1
202301,2023-01-16,경기도,수정구,개인,남,30대,수정구,거주,유통,편의점,44716,2
202301,2023-01-16,경기도,중원구,개인,남,30대,중원구,거주,유통,편의점,40049,3
202301,2023-01-16,경기도,분당구,개인,남,40대,분당구,거주,유통,편의점,47004,6
202301,2023-01-16,경기도,수정구,개인,남,40대,수정구,거주,유통,편의점,11920,2
202301,2023-01-16,경기도,중원구,개인,남,40대,중원구,거주,유통,편의점,14188,1
202301,2023-01-16,경기도,분당구,개인,남,50대,분당구,거주,유통,편의점,38916,7
202301,2023-01-16,경기도,수정구,개인,남,50대,수정구,거주,유통,편의점,29071,8
202301,2023-01-16,경기도,중원구,개인,남,50대,중원구,거주,유통,편의점,16160,7
202301,2023-01-16,경기도,분당구,개인,남,60대이상,분당구,거주,유통,편의점,25810,7
202301,2023-01-16,경기도,수정구,개인,남,60대이상,수정구,거주,유통,편의점,40009,1
202301,2023-01-16,경기도,중원구,개인,남,60대이상,중원구,거주,유통,편의점,35396,1
202301,2023-01-16,경기도,분당구,개인,여,10대,분당구,거주,유통,편의점,46413,1
202301,2023-01-16,경기도,수정구,개인,여,10대,수정구,거주,유통,편의점,49082,9
202301,2023-01-16,경기도,중원구,개인,여,10대,중원구,거주,유통,편의점,42130,5
202301,2023-01-16,경기도,분당구,개인,여,20대,분당구,거주,유통,편의점,40698,9
202301,2023-01-16,경기도,수정구,개인,여,20대,수정구,거주,유통,편의점,46661,9
202301,2023-01-16,경기도,중원구,개인,여,20대,중원구,거주,유통,편의점,43272,6
202301,2023-01-16,경기도,분당구,개인,여,30대,분당구,거주,유통,편의점,24671,9
202301,2023-01-16,경기도,수정구,개인,여,30대,수정구,거주,유통,편의점,20738,3
202301,2023-01-16,경기도,중원구,개인,여,30대,중원구,거주,유통,편의점,16773,9
202301,2023-01-16,경기도,분당구,개인,여,40대,분당구,거주,유통,편의점,39894,3
202301,2023-01-16,경기도,수정구,개인,여,40대,수정구,거주,유통,편의점,47825,9
202301,2023-01-16,경기도,중원구,개인,여,40대,중원구,거주,유통,편의점,39100,3
202301,2023-01-16,경기도,분당구,개인,여,50대,분당구,거주,유통,편의점,14234,5
202301,2023-01-16,경기도,수정구,개인,여,50대,수정구,거주,유통,편의점,47405,9
202301,2023-01-16,경기도,중원구,개인,여,50대,중원구,거주,유통,편의점,33185,3
202301,2023-01-16,경기도,분당구,개인,여,60대이상,분당구,거주,유통,편의점,21999,8
202301,2023-01-16,경기도,수정구,개인,여,60대이상,수정구,거주,유통,편의점,12581,6
202301,2023-01-16,경기도,중원구,개인,여,60대이상,중원구,거주,유통,편의점,12763,9
202301,2023-01-17,경기도,분당구,개인,남,10대,분당구,거주,유통,편의점,48759,4
202301,2023-01-17,경기도,수정구,개인,남,10대,수정구,거주,유통,편의점,35307,4
202301,2023-01-17,경기도,중원구,개인,남,10대,중원구,거주,유통,편의점,21064,1
202301,2023-01-17,경기도,분당구,개인,남,20대,분당구,거주,유통,편의점,47548,2
202301,2023-01-17,경기도,수정구,개인,남,20대,수정구,거주,유통,편의점,16476,6
202301,2023-01-17,경기도,중원구,개인,남,20대,중원구,거주,유통,편의점,12382,4
202301,2023-01-17,경기도,분당구,개인,남,30대,분당구,거주,유통,편의점,32463,3
202301,2023-01-17,경기도,수정구,개인,남,30대,수정구,거주,유통,편의점,24162,3
202301,2023-01-17,경기도,중원구,개인,남,30대,중원구,거주,유통,편의점,18397,8
202301,2023-01-17,경기도,분당구,개인,남,40대,분당구,거주,유통,편의점,24394,7
202301,2023-01-17,경기도,수정구,개인,남,40대,수정구,거주,유통,편의점,37197,4
202301,2023-01-17,경기도,중원구,개인,남,40대,중원구,거주,유통,편의점,32010,4
202301,2023-01-17,경기도,분당구,개인,남,50대,분당구,거주,유통,편의점,12890,2
202301,2023-01-17,경기도,수정구,개인,남,50대,수정구,거주,유통,편의점,19277,1
202301,2023-01-17,경기도,중원구,개인,남,50대,중원구,거주,유통,편의점,24683,2
202301,2023-01-17,경기도,분당구,개인,남,60대이상,분당구,거주,유통,편의점,23006,9
202301,2023-01-17,경기도,수정구,개인,남,60대이상,수정구,거주,유통,편의점,36531,8
202301,2023-01-17,경기도,중원구,개인,남,60대이상,중원구,거주,유통,편의점,26633,5
202301,2023-01-17,경기도,분당구,개인,여,10대,분당구,거주,유통,편의점,13439,7
202301,2023-01-17,경기도,수정구,개인,여,10대,수정구,거주,유통,편의점,21577,4
202301,2023-01-17,경기도,중원구,개인,여,10대,중원구,거주,유통,편의점,30176,3
202301,2023-01-17,경기도,분당구,개인,여,20대,분당구,거주,유통,편의점,34255,7
202301,2023-01-17,경기도,수정구,개인,여,20대,수정구,거주,유통,편의점,45931,9
202301,2023-01-17,경기도,중원구,개인,여,20대,중원구,거주,유통,편의점,45710,6
202301,2023-01-17,경기도,분당구,개인,여,30대,분당구,거주,유통,편의점,45740,1
202301,2023-01-17,경기도,수정구,개인,여,30대,수정구,거주,유통,편의점,38047,7
202301,2023-01-17,경기도,중원구,개인,여,30대,중원구,거주,유통,편의점,27374,3
202301,2023-01-17,경기도,분당구,개인,여,40대,분당구,거주,유통,편의점,25935,4
202301,2023-01-17,경기도,수정구,개인,여,40대,수정구,거주,유통,편의점,10489,5
202301,2023-01-17,경기도,중원구,개인,여,40대,중원구,거주,유통,편의점,32260,6
202301,2023-01-17,경기도,분당구,개인,여,50대,분당구,거주,유통,편의점,29275,6
202301,2023-01-17,경기도,수정구,개인,여,50대,수정구,거주,유통,편의점,26999,9
202301,2023-01-17,경기도,중원구,개인,여,50대,중원구,거주,유통,편의점,43722,2
202301,2023-01-17,경기도,분당구,개인,여,60대이상,분당구,거주,유통,편의점,11629,1
202301,2023-01-17,경기도,수정구,개인,여,60대이상,수정구,거주,유통,편의점,28945,2
202301,2023-01-17,경기도,중원구,개인,여,60대이상,중원구,거주,유통,편의점,16539,3
202301,2023-01-18,경기도,분당구,개인,남,10대,분당구,거주,유통,편의점,43625,7
202301,2023-01-18,경기도,수정구,개인,남,10대,수정구,거주,유통,편의점,17485,1
202301,2023-01-18,경기도,중원구,개인,남,10대,중원구,거주,유통,편의점,26767,6
202301,2023-01-18,경기도,분당구,개인,남,20대,분당구,거주,유통,편의점,20744,3
202301,2023-01-18,경기도,수정구,개인,남,20대,수정구,거주,유통,편의점,22226,1
202301,2023-01-18,경기도,중원구,개인,남,20대,중원구,거주,유통,편의점,41709,5
202301,2023-01-18,경기도,분당구,개인,남,30대,분당구,거주,유통,편의점,10922,4
202301,2023-01-18,경기도,수정구,개인,남,30대,수정구,거주,유통,편의점,37526,6
202301,2023-01-18,경기도,중원구,개인,남,30대,중원구,거주,유통,편의점,43998,4
202301,2023-01-18,경기도,분당구,개인,남,40대,분당구,거주,유통,편의점,34031,7
202301,2023-01-18,경기도,수정구,개인,남,40대,수정구,거주,유통,편의점,47701,8
202301,2023-01-18,경기도,중원구,개인,남,40대,중원구,거주,유통,편의점,35939,5
202301,2023-01-18,경기도,분당구,개인,남,50대,분당구,거주,유통,편의점,32867,1
202301,2023-01-18,경기도,수정구,개인,남,50대,수정구,거주,유통,편의점,25899,8
202301,2023-01-18,경기도,중원구,개인,남,50대,중원구,거주,유통,편의점,35344,5
202301,2023-01-18,경기도,분당구,개인,남,60대이상,분당구,거주,유통,편의점,49486,6
202301,2023-01-18,경기도,수정구,개인,남,60대이상,수정구,거주,유통,편의점,11093,5
202301,2023-01-18,경기도,중원구,개인,남,60대이상,중원구,거주,유통,편의점,35183,3
202301,2023-01-18,경기도,분당구,개인,여,10대,분당구,거주,유통,편의점,15710,5
202301,2023-01-18,경기도,수정구,개인,여,10대,수정구,거주,유통,편의점,29259,8
202301,2023-01-18,경기도,중원구,개인,여,10대,중원구,거주,유통,편의점,43457,6
202301,2023-01-18,경기도,분당구,개인,여,20대,분당구,거주,유통,편의점,12103,8
202301,2023-01-18,경기도,수정구,개인,여,20대,수정구,거주,유통,편의점,26103,7
202301,2023-01-18,경기도,중원구,개인,여,20대,중원구,거주,유통,편의점,22391,6
202301,2023-01-18,경기도,분당구,개인,여,30대,분당구,거주,유통,편의점,42001,8
202301,2023-01-18,경기도,수정구,개인,여,30대,수정구,거주,유통,편의점,12378,1
202301,2023-01-18,경기도,중원구,개인,여,30대,중원구,거주,유통,편의점,31372,6
202301,2023-01-18,경기도,분당구,개인,여,40대,분당구,거주,유통,편의점,45503,4
202301,2023-01-18,경기도,수정구,개인,여,40대,수정구,거주,유통,편의점,19867,3
202301,2023-01-18,경기도,중원구,개인,여,40대,중원구,거주,유통,편의점,47228,3
202301,2023-01-18,경기도,분당구,개인,여,50대,분당구,거주,유통,편의점,38302,1
202301,2023-01-18,경기도,수정구,개인,여,50대,수정구,거주,유통,편의점,45618,4
202301,2023-01-18,경기도,중원구,개인,여,50대,중원구,거주,유통,편의점,20698,5
202301,2023-01-18,경기도,분당구,개인,여,60대이상,분당구,거주,유통,편의점,14594,6
202301,2023-01-18,경기도,수정구,개인,여,60대이상,수정구,거주,유통,편의점,24282,5
202301,2023-01-18,경기도,중원구,개인,여,60대이상,중원구,거주,유통,편의점,45618,6
202301,2023-01-19,경기도,분당구,개인,남,10대,분당구,거주,유통,편의점,42933,8
202301,2023-01-19,경기도,수정구,개인,남,10대,수정구,거주,유통,편의점,27375,4
202301,2023-01-19,경기도,중원구,개인,남,10대,중원구,거주,유통,편의점,40926,3
202301,2023-01-19,경기도,분당구,개인,남,20대,분당구,거주,유통,편의점,31188,5
202301,2023-01-19,경기도,수정구,개인,남,20대,수정구,거주,유통,편의점,37772,3
202301,2023-01-19,경기도,중원구,개인,남,20대,중원구,거주,유통,편의점,20776,4
202301,2023-01-19,경기도,분당구,개인,남,30대,분당구,거주,유통,편의점,19788,3
202301,2023-01-19,경기도,수정구,개인,남,30대,수정구,거주,유통,편의점,20922,2
202301,2023-01-19,경기도,중원구,개인,남,30대,중원구,거주,유통,편의점,43340,9
202301,2023-01-19,경기도,분당구,개인,남,40대,분당구,거주,유통,편의점,48163,3
202301,2023-01-19,경기도,수정구,개인,남,40대,수정구,거주,유통,편의점,21094,8
202301,2023-01-19,경기도,중원구,개인,남,40대,중원구,거주,유통,편의점,43418,2
202301,2023-01-19,경기도,분당구,개인,남,50대,분당구,거주,유통,편의점,16838,5
202301,2023-01-19,경기도,수정구,개인,남,50대,수정구,거주,유통,편의점,13262,5
202301,2023-01-19,경기도,중원구,개인,남,50대,중원구,거주,유통,편의점,32164,2
202301,2023-01-19,경기도,분당구,개인,남,60대이상,분당구,거주,유통,편의점,24211,6
202301,2023-01-19,경기도,수정구,개인,남,60대이상,수정구,거주,유통,편의점,15232,4
202301,2023-01-19,경기도,중원구,개인,남,60대이상,중원구,거주,유통,편의점,34229,9
202301,2023-01-19,경기도,분당구,개인,여,10대,분당구,거주,유통,편의점,35613,2
202301,2023-01-19,경기도,수정구,개인,여,10대,수정구,거주,유통,편의점,29610,7
202301,2023-01-19,경기도,중원구,개인,여,10대,중원구,거주,유통,편의점,49605,2
202301,2023-01-19,경기도,분당구,개인,여,20대,분당구,거주,유통,편의점,17031,7
202301,2023-01-19,경기도,수정구,개인,여,20대,수정구,거주,유통,편의점,35515,5
202301,2023-01-19,경기도,중원구,개인,여,20대,중원구,거주,유통,편의점,46182,9
202301,2023-01-19,경기도,분당구,개인,여,30대,분당구,거주,유통,편의점,10570,9
202301,2023-01-19,경기도,수정구,개인,여,30대,수정구,거주,유통,편의점,23288,6
202301,2023-01-19,경기도,중원구,개인,여,30대,중원구,거주,유통,편의점,28889,6
202301,2023-01-19,경기도,분당구,개인,여,40대,분당구,거주,유통,편의점,20066,1
202301,2023-01-19,경기도,수정구,개인,여,40대,수정구,거주,유통,편의점,16982,4
202301,2023-01-19,경기도,중원구,개인,여,40대,중원구,거주,유통,편의점,49104,8
202301,2023-01-19,경기도,분당구,개인,여,50대,분당구,거주,유통,편의점,19941,2
202301,2023-01-19,경기도,수정구,개인,여,50대,수정구,거주,유통,편의점,33470,1
202301,2023-01-19,경기도,중원구,개인,여,50대,중원구,거주,유통,편의점,31133,2
202301,2023-01-19,경기도,분당구,개인,여,60대이상,분당구,거주,유통,편의점,14529,1
202301,2023-01-19,경기도,수정구,개인,여,60대이상,수정구,거주,유통,편의점,18566,8
202301,2023-01-19,경기도,중원구,개인,여,60대이상,중원구,거주,유통,편의점,11141,4
202301,2023-01-20,경기도,분당구,개인,남,10대,분당구,거주,유통,편의점,12690,8
202301,2023-01-20,경기도,수정구,개인,남,10대,수정구,거주,유통,편의점,15213,2
202301,2023-01-20,경기도,중원구,개인,남,10대,중원구,거주,유통,편의점,35380,1
202301,2023-01-20,경기도,분당구,개인,남,20대,분당구,거주,유통,편의점,29173,2
202301,2023-01-20,경기도,수정구,개인,남,20대,수정구,거주,유통,편의점,33989,8
202301,2023-01-20,경기도,중원구,개인,남,20대,중원구,거주,유통,편의점,32439,6
202301,2023-01-20,경기도,분당구,개인,남,30대,분당구,거주,유통,편의점,24995,8
202301,2023-01-20,경기도,수정구,개인,남,30대,수정구,거주,유통,편의점,33513,1
202301,2023-01-20,경기도,중원구,개인,남,30대,중원구,거주,유통,편의점,31119,4
202301,2023-01-20,경기도,분당구,개인,남,40대,분당구,거주,유통,편의점,39299,7
202301,2023-01-20,경기도,수정구,개인,남,40대,수정구,거주,유통,편의점,35517,7
202301,2023-01-20,경기도,중원구,개인,남,40대,중원구,거주,유통,편의점,27359,8
202301,2023-01-20,경기도,분당구,개인,남,50대,분당구,거주,유통,편의점,32615,9
202301,2023-01-20,경기도,수정구,개인,남,50대,수정구,거주,유통,편의점,38850,4
202301,2023-01-20,경기도,중원구,개인,남,50대,중원구,거주,유통,편의점,26848,7
202301,2023-01-20,경기도,분당구,개인,남,60대이상,분당구,거주,유통,편의점,25160,8
202301,2023-01-20,경기도,수정구,개인,남,60대이상,수정구,거주,유통,편의점,43998,5
202301,2023-01-20,경기도,중원구,개인,남,60대이상,중원구,거주,유통,편의점,13805,4
202301,2023-01-20,경기도,분당구,개인,여,10대,분당구,거주,유통,편의점,24715,7
202301,2023-01-20,경기도,수정구,개인,여,10대,수정구,거주,유통,편의점,15750,1
202301,2023-01-20,경기도,중원구,개인,여,10대,중원구,거주,유통,편의점,45903,3
202301,2023-01-20,경기도,분당구,개인,여,20대,분당구,거주,유통,편의점,44314,2
202301,2023-01-20,경기도,수정구,개인,여,20대,수정구,거주,유통,편의점,32449,7
202301,2023-01-20,경기도,중원구,개인,여,20대,중원구,거주,유통,편의점,45179,2
202301,2023-01-20,경기도,분당구,개인,여,30대,분당구,거주,유통,편의점,35338,4
202301,2023-01-20,경기도,수정구,개인,여,30대,수정구,거주,유통,편의점,14145,6
202301,2023-01-20,경기도,중원구,개인,여,30대,중원구,거주,유통,편의점,12775,4
202301,2023-01-20,경기도,분당구,개인,여,40대,분당구,거주,유통,편의점,29539,3
202301,2023-01-20,경기도,수정구,개인,여,40대,수정구,거주,유통,편의점,36616,8
202301,2023-01-20,경기도,중원구,개인,여,40대,중원구,거주,유통,편의점,35159,8
202301,2023-01-20,경기도,분당구,개인,여,50대,분당구,거주,유통,편의점,47099,8
202301,2023-01-20,경기도,수정구,개인,여,50대,수정구,거주,유통,편의점,44710,8
202301,2023-01-20,경기도,중원구,개인,여,50대,중원구,거주,유통,편의점,34685,8
202301,2023-01-20,경기도,분당구,개인,여,60대이상,분당구,거주,유통,편의점,43629,8
202301,2023-01-20,경기도,수정구,개인,여,60대이상,수정구,거주,유통,편의점,27033,7
202301,2023-01-20,경기도,중원구,개인,여,60대이상,중원구,거주,유통,편의점,25408,4
202301,2023-01-21,경기도,분당구,개인,남,10대,분당구,거주,유통,편의점,27420,4
202301,2023-01-21,경기도,수정구,개인,남,10대,수정구,거주,유통,편의점,21349,4
202301,2023-01-21,경기도,중원구,개인,남,10대,중원구,거주,유통,편의점,48225,6
202301,2023-01-21,경기도,분당구,개인,남,20대,분당구,거주,유통,편의점,28814,8
202301,2023-01-21,경기도,수정구,개인,남,20대,수정구,거주,유통,편의점,22158,8
202301,2023-01-21,경기도,중원구,개인,남,20대,중원구,거주,유통,편의점,25830,6
202301,2023-01-21,경기도,분당구,개인,남,30대,분당구,거주,유통,편의점,33926,5
202301,2023-01-21,경기도,수정구,개인,남,30대,수정구,거주,유통,편의점,44057,8
202301,2023-01-21,경기도,중원구,개인,남,30대,중원구,거주,유통,편의점,29583,8
202301,2023-01-21,경기도,분당구,개인,남,40대,분당구,거주,유통,편의점,33906,7
202301,2023-01-21,경기도,수정구,개인,남,40대,수정구,거주,유통,편의점,29520,7
202301,2023-01-21,경기도,중원구,개인,남,40대,중원구,거주,유통,편의점,35566,9
202301,2023-01-21,경기도,분당구,개인,남,50대,분당구,거주,유통,편의점,40134,5
202301,2023-01-21,경기도,수정구,개인,남,50대,수정구,거주,유통,편의점,37413,9
202301,2023-01-21,경기도,중원구,개인,남,50대,중원구,거주,유통,편의점,43455,2
202301,2023-01-21,경기도,분당구,개인,남,60대이상,분당구,거주,유통,편의점,38018,8
202301,2023-01-21,경기도,수정구,개인,남,60대이상,수정구,거주,유통,편의점,18080,7
202301,2023-01-21,경기도,중원구,개인,남,60대이상,중원구,거주,유통,편의점,31158,1
202301,2023-01-21,경기도,분당구,개인,여,10대,분당구,거주,유통,편의점,45871,9
202301,2023-01-21,경기도,수정구,개인,여,10대,수정구,거주,유통,편의점,30519,4
202301,2023-01-21,경기도,중원구,개인,여,10대,중원구,거주,유통,편의점,38378,5
202301,2023-01-21,경기도,분당구,개인,여,20대,분당구,거주,유통,편의점,24031,9
202301,2023-01-21,경기도,수정구,개인,여,20대,수정구,거주,유통,편의점,10446,6
202301,2023-01-21,경기도,중원구,개인,여,20대,중원구,거주,유통,편의점,27618,7
202301,2023-01-21,경기도,분당구,개인,여,30대,분당구,거주,유통,편의점,41480,3
202301,2023-01-21,경기도,수정구,개인,여,30대,수정구,거주,유통,편의점,30527,2
202301,2023-01-21,경기도,중원구,개인,여,30대,중원구,거주,유통,편의점,21151,7
202301,2023-01-21,경기도,분당구,개인,여,40대,분당구,거주,유통,편의점,42954,9
202301,2023-01-21,경기도,수정구,개인,여,40대,수정구,거주,유통,편의점,45303,1
202301,2023-01-21,경기도,중원구,개인,여,40대,중원구,거주,유통,편의점,12032,5
202301,2023-01-21,경기도,분당구,개인,여,50대,분당구,거주,유통,편의점,15509,3
202301,2023-01-21,경기도,수정구,개인,여,50대,수정구,거주,유통,편의점,23900,9
202301,2023-01-21,경기도,중원구,개인,여,50대,중원구,거주,유통,편의점,24523,6
202301,2023-01-21,경기도,분당구,개인,여,60대이상,분당구,거주,유통,편의점,32523,7
202301,2023-01-21,경기도,수정구,개인,여,60대이상,수정구,거주,유통,편의점,11695,6
202301,2023-01-21,경기도,중원구,개인,여,60대이상,중원구,거주,유통,편의점,13262,6
202301,2023-01-22,경기도,분당구,개인,남,10대,분당구,거주,유통,편의점,26436,3
202301,2023-01-22,경기도,수정구,개인,남,10대,수정구,거주,유통,편의점,33963,3
202301,2023-01-22,경기도,중원구,개인,남,10대,중원구,거주,유통,편의점,39932,6
202301,2023-01-22,경기도,분당구,개인,남,20대,분당구,거주,유통,편의점,43487,6
202301,2023-01-22,경기도,수정구,개인,남,20대,수정구,거주,유통,편의점,16855,7
202301,2023-01-22,경기도,중원구,개인,남,20대,중원구,거주,유통,편의점,18263,9
202301,2023-01-22,경기도,분당구,개인,남,30대,분당구,거주,유통,편의점,35805,3
202301,2023-01-22,경기도,수정구,개인,남,30대,수정구,거주,유통,편의점,37529,3
202301,2023-01-22,경기도,중원구,개인,남,30대,중원구,거주,유통,편의점,24079,1
202301,2023-01-22,경기도,분당구,개인,남,40대,분당구,거주,유통,편의점,19018,5
202301,2023-01-22,경기도,수정구,개인,남,40대,수정구,거주,유통,편의점,29800,9
202301,2023-01-22,경기도,중원구,개인,남,40대,중원구,거주,유통,편의점,36910,5
202301,2023-01-22,경기도,분당구,개인,남,50대,분당구,거주,유통,편의점,21001,4
202301,2023-01-22,경기도,수정구,개인,남,50대,수정구,거주,유통,편의점,29942,6
202301,2023-01-22,경기도,중원구,개인,남,50대,중원구,거주,유통,편의점,25916,2
202301,2023-01-22,경기도,분당구,개인,남,60대이상,분당구,거주,유통,편의점,18112,4
202301,2023-01-22,경기도,수정구,개인,남,60대이상,수정구,거주,유통,편의점,28931,1
202301,2023-01-22,경기도,중원구,개인,남,60대이상,중원구,거주,유통,편의점,29363,1
202301,2023-01-22,경기도,분당구,개인,여,10대,분당구,거주,유통,편의점,13968,1
202301,2023-01-22,경기도,수정구,개인,여,10대,수정구,거주,유통,편의점,26279,8
202301,2023-01-22,경기도,중원구,개인,여,10대,중원구,거주,유통,편의점,48897,7
202301,2023-01-22,경기도,분당구,개인,여,20대,분당구,거주,유통,편의점,21949,8
202301,2023-01-22,경기도,수정구,개인,여,20대,수정구,거주,유통,편의점,36375,7
202301,2023-01-22,경기도,중원구,개인,여,20대,중원구,거주,유통,편의점,36096,9
202301,2023-01-22,경기도,분당구,개인,여,30대,분당구,거주,유통,편의점,28108,7
202301,2023-01-22,경기도,수정구,개인,여,30대,수정구,거주,유통,편의점,37649,6
202301,2023-01-22,경기도,중원구,개인,여,30대,중원구,거주,유통,편의점,43489,1
202301,2023-01-22,경기도,분당구,개인,여,40대,분당구,거주,유통,편의점,10870,2
202301,2023-01-22,경기도,수정구,개인,여,40대,수정구,거주,유통,편의점,44524,2
202301,2023-01-22,경기도,중원구,개인,여,40대,중원구,거주,유통,편의점,45596,5
202301,2023-01-22,경기도,분당구,개인,여,50대,분당구,거주,유통,편의점,23878,1
202301,2023-01-22,경기도,수정구,개인,여,50대,수정구,거주,유통,편의점,37559,3
202301,2023-01-22,경기도,중원구,개인,여,50대,중원구,거주,유통,편의점,16771,9
202301,2023-01-22,경기도,분당구,개인,여,60대이상,분당구,거주,유통,편의점,41923,5
202301,2023-01-22,경기도,수정구,개인,여,60대이상,수정구,거주,유통,편의점,11848,4
202301,2023-01-22,경기도,중원구,개인,여,60대이상,중원구,거주,유통,편의점,45464,6
202301,2023-01-23,경기도,분당구,개인,남,10대,분당구,거주,유통,편의점,29456,3
202301,2023-01-23,경기도,수정구,개인,남,10대,수정구,거주,유통,편의점,23409,9
202301,2023-01-23,경기도,중원구,개인,남,10대,중원구,거주,유통,편의점,46639,1
202301,2023-01-23,경기도,분당구,개인,남,20대,분당구,거주,유통,편의점,29692,9
202301,2023-01-23,경기도,수정구,개인,남,20대,수정구,거주,유통,편의점,37527,8
202301,2023-01-23,경기도,중원구,개인,남,20대,중원구,거주,유통,편의점,28074,1
202301,2023-01-23,경기도,분당구,개인,남,30대,분당구,거주,유통,편의점,40826,8
202301,2023-01-23,경기도,수정구,개인,남,30대,수정구,거주,유통,편의점,26061,3
202301,2023-01-23,경기도,중원구,개인,남,30대,중원구,거주,유통,편의점,38810,7
202301,2023-01-23,경기도,분당구,개인,남,40대,분당구,거주,유통,편의점,32800,1
202301,2023-01-23,경기도,수정구,개인,남,40대,수정구,거주,유통,편의점,19940,5
202301,2023-01-23,경기도,중원구,개인,남,40대,중원구,거주,유통,편의점,38054,8
202301,2023-01-23,경기도,분당구,개인,남,50대,분당구,거주,유통,편의점,47253,6
202301,2023-01-23,경기도,수정구,개인,남,50대,수정구,거주,유통,편의점,23233,6
202301,2023-01-23,경기도,중원구,개인,남,50대,중원구,거주,유통,편의점,34484,3
202301,2023-01-23,경기도,분당구,개인,남,60대이상,분당구,거주,유통,편의점,14917,8
202301,2023-01-23,경기도,수정구,개인,남,60대이상,수정구,거주,유통,편의점,35832,1
202301,2023-01-23,경기도,중원구,개인,남,60대이상,중원구,거주,유통,편의점,30706,3
202301,2023-01-23,경기도,분당구,개인,여,10대,분당구,거주,유통,편의점,36762,8
202301,2023-01-23,경기도,수정구,개인,여,10대,수정구,거주,유통,편의점,37796,3
202301,2023-01-23,경기도,중원구,개인,여,10대,중원구,거주,유통,편의점,35662,8
202301,2023-01-23,경기도,분당구,개인,여,20대,분당구,거주,유통,편의점,44642,7
202301,2023-01-23,경기도,수정구,개인,여,20대,수정구,거주,유통,편의점,47531,1
202301,2023-01-23,경기도,중원구,개인,여,20대,중원구,거주,유통,편의점,19221,3
202301,2023-01-23,경기도,분당구,개인,여,30대,분당구,거주,유통,편의점,24519,6
202301,2023-01-23,경기도,수정구,개인,여,30대,수정구,거주,유통,편의점,11051,2
202301,2023-01-23,경기도,중원구,개인,여,30대,중원구,거주,유통,편의점,19765,7
202301,2023-01-23,경기도,분당구,개인,여,40대,분당구,거주,유통,편의점,22580,3
202301,2023-01-23,경기도,수정구,개인,여,40대,수정구,거주,유통,편의점,42323,6
202301,2023-01-23,경기도,중원구,개인,여,40대,중원구,거주,유통,편의점,21939,4
202301,2023-01-23,경기도,분당구,개인,여,50대,분당구,거주,유통,편의점,13359,1
202301,2023-01-23,경기도,수정구,개인,여,50대,수정구,거주,유통,편의점,45944,4
202301,2023-01-23,경기도,중원구,개인,여,50대,중원구,거주,유통,편의점,48134,3
202301,2023-01-23,경기도,분당구,개인,여,60대이상,분당구,거주,유통,편의점,31689,3
202301,2023-01-23,경기도,수정구,개인,여,60대이상,수정구,거주,유통,편의점,34423,8
202301,2023-01-23,경기도,중원구,개인,여,60대이상,중원구,거주,유통,편의점,24330,1
202301,2023-01-24,경기도,분당구,개인,남,10대,분당구,거주,유통,편의점,11961,2
202301,2023-01-24,경기도,수정구,개인,남,10대,수정구,거주,유통,편의점,42551,1
202301,2023-01-24,경기도,중원구,개인,남,10대,중원구,거주,유통,편의점,23255,8
202301,2023-01-24,경기도,분당구,개인,남,20대,분당구,거주,유통,편의점,49281,4
202301,2023-01-24,경기도,수정구,개인,남,20대,수정구,거주,유통,편의점,30389,9
202301,2023-01-24,경기도,중원구,개인,남,20대,중원구,거주,유통,편의점,26567,8
202301,2023-01-24,경기도,분당구,개인,남,30대,분당구,거주,유통,편의점,20988,9
202301,2023-01-24,경기도,수정구,개인,남,30대,수정구,거주,유통,편의점,41521,3
202301,2023-01-24,경기도,중원구,개인,남,30대,중원구,거주,유통,편의점,11273,8
202301,2023-01-24,경기도,분당구,개인,남,40대,분당구,거주,유통,편의점,41349,9
202301,2023-01-24,경기도,수정구,개인,남,40대,수정구,거주,유통,편의점,19497,4
202301,2023-01-24,경기도,중원구,개인,남,40대,중원구,거주,유통,편의점,42703,8
202301,2023-01-24,경기도,분당구,개인,남,50대,분당구,거주,유통,편의점,41954,3
202301,2023-01-24,경기도,수정구,개인,남,50대,수정구,거주,유통,편의점,14247,5
202301,2023-01-24,경기도,중원구,개인,남,50대,중원구,거주,유통,편의점,31698,1
202301,2023-01-24,경기도,분당구,개인,남,60대이상,분당구,거주,유통,편의점,27570,9
202301,2023-01-24,경기도,수정구,개인,남,60대이상,수정구,거주,유통,편의점,42299,2
202301,2023-01-24,경기도,중원구,개인,남,60대이상,중원구,거주,유통,편의점,42726,2
202301,2023-01-24,경기도,분당구,개인,여,10대,분당구,거주,유통,편의점,49763,7
202301,2023-01-24,경기도,수정구,개인,여,10대,수정구,거주,유통,편의점,30566,7
202301,2023-01-24,경기도,중원구,개인,여,10대,중원구,거주,유통,편의점,16511,1
202301,2023-01-24,경기도,분당구,개인,여,20대,분당구,거주,유통,편의점,36177,3
202301,2023-01-24,경기도,수정구,개인,여,20대,수정구,거주,유통,편의점,33929,5
202301,2023-01-24,경기도,중원구,개인,여,20대,중원구,거주,유통,편의점,39523,1
202301,2023-01-24,경기도,분당구,개인,여,30대,분당구,거주,유통,편의점,10627,6
202301,2023-01-24,경기도,수정구,개인,여,30대,수정구,거주,유통,편의점,23780,1
202301,2023-01-24,경기도,중원구,개인,여,30대,중원구,거주,유통,편의점,48652,4
202301,2023-01-24,경기도,분당구,개인,여,40대,분당구,거주,유통,편의점,35901,9
202301,2023-01-24,경기도,수정구,개인,여,40대,수정구,거주,유통,편의점,41508,8
202301,2023-01-24,경기도,중원구,개인,여,40대,중원구,거주,유통,편의점,35464,5
202301,2023-01-24,경기도,분당구,개인,여,50대,분당구,거주,유통,편의점,45440,7
202301,2023-01-24,경기도,수정구,개인,여,50대,수정구,거주,유통,편의점,11987,2
202301,2023-01-24,경기도,중원구,개인,여,50대,중원구,거주,유통,편의점,22948,3
202301,2023-01-24,경기도,분당구,개인,여,60대이상,분당구,거주,유통,편의점,12773,8
202301,2023-01-24,경기도,수정구,개인,여,60대이상,수정구,거주,유통,편의점,19878,3
202301,2023-01-24,경기도,중원구,개인,여,60대이상,중원구,거주,유통,편의점,20377,9
202301,2023-01-25,경기도,분당구,개인,남,10대,분당구,거주,유통,편의점,17347,1
202301,2023-01-25,경기도,수정구,개인,남,10대,수정구,거주,유통,편의점,13783,7
202301,2023-01-25,경기도,중원구,개인,남,10대,중원구,거주,유통,편의점,14298,5
202301,2023-01-25,경기도,분당구,개인,남,20대,분당구,거주,유통,편의점,44484,7
202301,2023-01-25,경기도,수정구,개인,남,20대,수정구,거주,유통,편의점,30922,6
202301,2023-01-25,경기도,중원구,개인,남,20대,중원구,거주,유통,편의점,30316,5
202301,2023-01-25,경기도,분당구,개인,남,30대,분당구,거주,유통,편의점,26968,2
202301,2023-01-25,경기도,수정구,개인,남,30대,수정구,거주,유통,편의점,34000,8
202301,2023-01-25,경기도,중원구,개인,남,30대,중원구,거주,유통,편의점,24011,3
202301,2023-01-25,경기도,분당구,개인,남,40대,분당구,거주,유통,편의점,15898,7
202301,2023-01-25,경기도,수정구,개인,남,40대,수정구,거주,유통,편의점,44393,8
202301,2023-01-25,경기도,중원구,개인,남,40대,중원구,거주,유통,편의점,16078,6
202301,2023-01-25,경기도,분당구,개인,남,50대,분당구,거주,유통,편의점,13961,9
202301,2023-01-25,경기도,수정구,개인,남,50대,수정구,거주,유통,편의점,41417,5
202301,2023-01-25,경기도,중원구,개인,남,50대,중원구,거주,유통,편의점,28103,2
202301,2023-01-25,경기도,분당구,개인,남,60대이상,분당구,거주,유통,편의점,49454,4
202301,2023-01-25,경기도,수정구,개인,남,60대이상,수정구,거주,유통,편의점,31031,5
202301,2023-01-25,경기도,중원구,개인,남,60대이상,중원구,거주,유통,편의점,20350,1
202301,2023-01-25,경기도,분당구,개인,여,10대,분당구,거주,유통,편의점,30288,9
202301,2023-01-25,경기도,수정구,개인,여,10대,수정구,거주,유통,편의점,16837,5
202301,2023-01-25,경기도,중원구,개인,여,10대,중원구,거주,유통,편의점,15454,1
202301,2023-01-25,경기도,분당구,개인,여,20대,분당구,거주,유통,편의점,46885,6
202301,2023-01-25,경기도,수정구,개인,여,20대,수정구,거주,유통,편의점,28412,8
202301,2023-01-25,경기도,중원구,개인,여,20대,중원구,거주,유통,편의점,49613,1
202301,2023-01-25,경기도,분당구,개인,여,30대,분당구,거주,유통,편의점,47392,6
202301,2023-01-25,경기도,수정구,개인,여,30대,수정구,거주,유통,편의점,18848,6
202301,2023-01-25,경기도,중원구,개인,여,30대,중원구,거주,유통,편의점,23136,6
202301,2023-01-25,경기도,분당구,개인,여,40대,분당구,거주,유통,편의점,16509,8
202301,2023-01-25,경기도,수정구,개인,여,40대,수정구,거주,유통,편의점,19968,5
202301,2023-01-25,경기도,중원구,개인,여,40대,중원구,거주,유통,편의점,43783,3
202301,2023-01-25,경기도,분당구,개인,여,50대,분당구,거주,유통,편의점,19275,6
202301,2023-01-25,경기도,수정구,개인,여,50대,수정구,거주,유통,편의점,23269,1
202301,2023-01-25,경기도,중원구,개인,여,50대,중원구,거주,유통,편의점,10406,9
202301,2023-01-25,경기도,분당구,개인,여,60대이상,분당구,거주,유통,편의점,32553,5
202301,2023-01-25,경기도,수정구,개인,여,60대이상,수정구,거주,유통,편의점,27369,4
202301,2023-01-25,경기도,중원구,개인,여,60대이상,중원구,거주,유통,편의점,14485,6
202301,2023-01-26,경기도,분당구,개인,남,10대,분당구,거주,유통,편의점,12618,2
202301,2023-01-26,경기도,수정구,개인,남,10대,수정구,거주,유통,편의점,32673,4
202301,2023-01-26,경기도,중원구,개인,남,10대,중원구,거주,유통,편의점,49696,9
202301,2023-01-26,경기도,분당구,개인,남,20대,분당구,거주,유통,편의점,14621,7
202301,2023-01-26,경기도,수정구,개인,남,20대,수정구,거주,유통,편의점,24719,7
202301,2023-01-26,경기도,중원구,개인,남,20대,중원구,거주,유통,편의점,17566,3
202301,2023-01-26,경기도,분당구,개인,남,30대,분당구,거주,유통,편의점,34042,3
202301,2023-01-26,경기도,수정구,개인,남,30대,수정구,거주,유통,편의점,33888,3
202301,2023-01-26,경기도,중원구,개인,남,30대,중원구,거주,유통,편의점,36514,4
202301,2023-01-26,경기도,분당구,개인,남,40대,분당구,거주,유통,편의점,28019,3
202301,2023-01-26,경기도,수정구,개인,남,40대,수정구,거주,유통,편의점,20283,8
202301,2023-01-26,경기도,중원구,개인,남,40대,중원구,거주,유통,편의점,32908,1
202301,2023-01-26,경기도,분당구,개인,남,50대,분당구,거주,유통,편의점,47952,3
202301,2023-01-26,경기도,수정구,개인,남,50대,수정구,거주,유통,편의점,47663,4
202301,2023-01-26,경기도,중원구,개인,남,50대,중원구,거주,유통,편의점,19343,5
202301,2023-01-26,경기도,분당구,개인,남,60대이상,분당구,거주,유통,편의점,49791,4
202301,2023-01-26,경기도,수정구,개인,남,60대이상,수정구,거주,유통,편의점,43575,4
202301,2023-01-26,경기도,중원구,개인,남,60대이상,중원구,거주,유통,편의점,47292,2
202301,2023-01-26,경기도,분당구,개인,여,10대,분당구,거주,유통,편의점,23598,3
202301,2023-01-26,경기도,수정구,개인,여,10대,수정구,거주,유통,편의점,38807,8
202301,2023-01-26,경기도,중원구,개인,여,10대,중원구,거주,유통,편의점,13854,9
202301,2023-01-26,경기도,분당구,개인,여,20대,분당구,거주,유통,편의점,13558,2
202301,2023-01-26,경기도,수정구,개인,여,20대,수정구,거주,유통,편의점,46343,3
202301,2023-01-26,경기도,중원구,개인,여,20대,중원구,거주,유통,편의점,46966,9
202301,2023-01-26,경기도,분당구,개인,여,30대,분당구,거주,유통,편의점,49887,3
202301,2023-01-26,경기도,수정구,개인,여,30대,수정구,거주,유통,편의점,29229,6
202301,2023-01-26,경기도,중원구,개인,여,30대,중원구,거주,유통,편의점,41601,5
202301,2023-01-26,경기도,분당구,개인,여,40대,분당구,거주,유통,편의점,26244,7
202301,2023-01-26,경기도,수정구,개인,여,40대,수정구,거주,유통,편의점,33099,2
202301,2023-01-26,경기도,중원구,개인,여,40대,중원구,거주,유통,편의점,47034,7
202301,2023-01-26,경기도,분당구,개인,여,50대,분당구,거주,유통,편의점,20589,6
202301,2023-01-26,경기도,수정구,개인,여,50대,수정구,거주,유통,편의점,11657,4
202301,2023-01-26,경기도,중원구,개인,여,50대,중원구,거주,유통,편의점,13164,7
202301,2023-01-26,경기도,분당구,개인,여,60대이상,분당구,거주,유통,편의점,28437,2
202301,2023-01-26,경기도,수정구,개인,여,60대이상,수정구,거주,유통,편의점,38430,8
202301,2023-01-26,경기도,중원구,개인,여,60대이상,중원구,거주,유통,편의점,16009,9
202301,2023-01-27,경기도,분당구,개인,남,10대,분당구,거주,유통,편의점,19417,4
202301,2023-01-27,경기도,수정구,개인,남,10대,수정구,거주,유통,편의점,12671,8
202301,2023-01-27,경기도,중원구,개인,남,10대,중원구,거주,유통,편의점,46730,3
202301,2023-01-27,경기도,분당구,개인,남,20대,분당구,거주,유통,편의점,13722,1
202301,2023-01-27,경기도,수정구,개인,남,20대,수정구,거주,유통,편의점,23699,4
202301,2023-01-27,경기도,중원구,개인,남,20대,중원구,거주,유통,편의점,43576,3
202301,2023-01-27,경기도,분당구,개인,남,30대,분당구,거주,유통,편의점,42247,6
202301,2023-01-27,경기도,수정구,개인,남,30대,수정구,거주,유통,편의점,37938,6
202301,2023-01-27,경기도,중원구,개인,남,30대,중원구,거주,유통,편의점,27600,4
202301,2023-01-27,경기도,분당구,개인,남,40대,분당구,거주,유통,편의점,28581,7
202301,2023-01-27,경기도,수정구,개인,남,40대,수정구,거주,유통,편의점,37386,3
202301,2023-01-27,경기도,중원구,개인,남,40대,중원구,거주,유통,편의점,23704,7
202301,2023-01-27,경기도,분당구,개인,남,50대,분당구,거주,유통,편의점,24586,9
202301,2023-01-27,경기도,수정구,개인,남,50대,수정구,거주,유통,편의점,35416,7
202301,2023-01-27,경기도,중원구,개인,남,50대,중원구,거주,유통,편의점,23001,3
202301,2023-01-27,경기도,분당구,개인,남,60대이상,분당구,거주,유통,편의점,26508,5
202301,2023-01-27,경기도,수정구,개인,남,60대이상,수정구,거주,유통,편의점,45699,7
202301,2023-01-27,경기도,중원구,개인,남,60대이상,중원구,거주,유통,편의점,22317,9
202301,2023-01-27,경기도,분당구,개인,여,10대,분당구,거주,유통,편의점,45739,2
202301,2023-01-27,경기도,수정구,개인,여,10대,수정구,거주,유통,편의점,41980,8
202301,2023-01-27,경기도,중원구,개인,여,10대,중원구,거주,유통,편의점,45183,9
202301,2023-01-27,경기도,분당구,개인,여,20대,분당구,거주,유통,편의점,11609,9
202301,2023-01-27,경기도,수정구,개인,여,20대,수정구,거주,유통,편의점,38141,7
202301,2023-01-27,경기도,중원구,개인,여,20대,중원구,거주,유통,편의점,16782,9
202301,2023-01-27,경기도,분당구,개인,여,30대,분당구,거주,유통,편의점,43816,3
202301,2023-01-27,경기도,수정구,개인,여,30대,수정구,거주,유통,편의점,18307,2
202301,2023-01-27,경기도,중원구,개인,여,30대,중원구,거주,유통,편의점,20338,5
202301,2023-01-27,경기도,분당구,개인,여,40대,분당구,거주,유통,편의점,16548,6
202301,2023-01-27,경기도,수정구,개인,여,40대,수정구,거주,유통,편의점,31164,7
202301,2023-01-27,경기도,중원구,개인,여,40대,중원구,거주,유통,편의점,41222,1
202301,2023-01-27,경기도,분당구,개인,여,50대,분당구,거주,유통,편의점,12941,2
202301,2023-01-27,경기도,수정구,개인,여,50대,수정구,거주,유통,편의점,35553,6
202301,2023-01-27,경기도,중원구,개인,여,50대,중원구,거주,유통,편의점,48218,1
202301,2023-01-27,경기도,분당구,개인,여,60대이상,분당구,거주,유통,편의점,18378,6
202301,2023-01-27,경기도,수정구,개인,여,60대이상,수정구,거주,유통,편의점,23675,4
202301,2023-01-27,경기도,중원구,개인,여,60대이상,중원구,거주,유통,편의점,15877,2
202301,2023-01-28,경기도,분당구,개인,남,10대,분당구,거주,유통,편의점,14922,8
202301,2023-01-28,경기도,수정구,개인,남,10대,수정구,거주,유통,편의점,42006,7
202301,2023-01-28,경기도,중원구,개인,남,10대,중원구,거주,유통,편의점,22205,8
202301,2023-01-28,경기도,분당구,개인,남,20대,분당구,거주,유통,편의점,28443,1
202301,2023-01-28,경기도,수정구,개인,남,20대,수정구,거주,유통,편의점,26848,8
202301,2023-01-28,경기도,중원구,개인,남,20대,중원구,거주,유통,편의점,28211,5
202301,2023-01-28,경기도,분당구,개인,남,30대,분당구,거주,유통,편의점,35095,5
202301,2023-01-28,경기도,수정구,개인,남,30대,수정구,거주,유통,편의점,47583,4
202301,2023-01-28,경기도,중원구,개인,남,30대,중원구,거주,유통,편의점,12843,6
202301,2023-01-28,경기도,분당구,개인,남,40대,분당구,거주,유통,편의점,36460,5
202301,2023-01-28,경기도,수정구,개인,남,40대,수정구,거주,유통,편의점,38310,7
202301,2023-01-28,경기도,중원구,개인,남,40대,중원구,거주,유통,편의점,48892,4
202301,2023-01-28,경기도,분당구,개인,남,50대,분당구,거주,유통,편의점,44172,5
202301,2023-01-28,경기도,수정구,개인,남,50대,수정구,거주,유통,편의점,33324,3
202301,2023-01-28,경기도,중원구,개인,남,50대,중원구,거주,유통,편의점,13982,4
202301,2023-01-28,경기도,분당구,개인,남,60대이상,분당구,거주,유통,편의점,25790,4
202301,2023-01-28,경기도,수정구,개인,남,60대이상,수정구,거주,유통,편의점,34338,5
202301,2023-01-28,경기도,중원구,개인,남,60대이상,중원구,거주,유통,편의점,32692,7
202301,2023-01-28,경기도,분당구,개인,여,10대,분당구,거주,유통,편의점,34860,4
202301,2023-01-28,경기도,수정구,개인,여,10대,수정구,거주,유통,편의점,24616,6
202301,2023-01-28,경기도,중원구,개인,여,10대,중원구,거주,유통,편의점,14926,4
202301,2023-01-28,경기도,분당구,개인,여,20대,분당구,거주,유통,편의점,13969,6
202301,2023-01-28,경기도,수정구,개인,여,20대,수정구,거주,유통,편의점,14319,2
202301,2023-01-28,경기도,중원구,개인,여,20대,중원구,거주,유통,편의점,49876,6
202301,2023-01-28,경기도,분당구,개인,여,30대,분당구,거주,유통,편의점,30323,3
202301,2023-01-28,경기도,수정구,개인,여,30대,수정구,거주,유통,편의점,30950,2
202301,2023-01-28,경기도,중원구,개인,여,30대,중원구,거주,유통,편의점,28293,4
202301,2023-01-28,경기도,분당구,개인,여,40대,분당구,거주,유통,편의점,45349,4
202301,2023-01-28,경기도,수정구,개인,여,40대,수정구,거주,유통,편의점,40062,4
202301,2023-01-28,경기도,중원구,개인,여,40대,중원구,거주,유통,편의점,41730,3
202301,2023-01-28,경기도,분당구,개인,여,50대,분당구,거주,유통,편의점,23861,6
202301,2023-01-28,경기도,수정구,개인,여,50대,수정구,거주,유통,편의점,32766,9
202301,2023-01-28,경기도,중원구,개인,여,50대,중원구,거주,유통,편의점,27695,4
202301,2023-01-28,경기도,분당구,개인,여,60대이상,분당구,거주,유통,편의점,13121,2
202301,2023-01-28,경기도,수정구,개인,여,60대이상,수정구,거주,유통,편의점,38164,4
202301,2023-01-28,경기도,중원구,개인,여,60대이상,중원구,거주,유통,편의점,33165,5
202301,2023-01-29,경기도,분당구,개인,남,10대,분당구,거주,유통,편의점,43045,4
202301,2023-01-29,경기도,수정구,개인,남,10대,수정구,거주,유통,편의점,40497,9
202301,2023-01-29,경기도,중원구,개인,남,10대,중원구,거주,유통,편의점,20374,4
202301,2023-01-29,경기도,분당구,개인,남,20대,분당구,거주,유통,편의점,11170,3
202301,2023-01-29,경기도,수정구,개인,남,20대,수정구,거주,유통,편의점,20680,5
202301,2023-01-29,경기도,중원구,개인,남,20대,중원구,거주,유통,편의점,45230,3
202301,2023-01-29,경기도,분당구,개인,남,30대,분당구,거주,유통,편의점,36206,5
202301,2023-01-29,경기도,수정구,개인,남,30대,수정구,거주,유통,편의점,10287,2
202301,2023-01-29,경기도,중원구,개인,남,30대,중원구,거주,유통,편의점,30666,4
202301,2023-01-29,경기도,분당구,개인,남,40대,분당구,거주,유통,편의점,11161,2
202301,2023-01-29,경기도,수정구,개인,남,40대,수정구,거주,유통,편의점,45131,8
202301,2023-01-29,경기도,중원구,개인,남,40대,중원구,거주,유통,편의점,42528,7
202301,2023-01-29,경기도,분당구,개인,남,50대,분당구,거주,유통,편의점,10244,8
202301,2023-01-29,경기도,수정구,개인,남,50대,수정구,거주,유통,편의점,12176,7
202301,2023-01-29,경기도,중원구,개인,남,50대,중원구,거주,유통,편의점,36627,7
202301,2023-01-29,경기도,분당구,개인,남,60대이상,분당구,거주,유통,편의점,34881,1
202301,2023-01-29,경기도,수정구,개인,남,60대이상,수정구,거주,유통,편의점,33776,1
202301,2023-01-29,경기도,중원구,개인,남,60대이상,중원구,거주,유통,편의점,47422,5
202301,2023-01-29,경기도,분당구,개인,여,10대,분당구,거주,유통,편의점,33238,2
202301,2023-01-29,경기도,수정구,개인,여,10대,수정구,거주,유통,편의점,40313,8
202301,2023-01-29,경기도,중원구,개인,여,10대,중원구,거주,유통,편의점,20770,8
202301,2023-01-29,경기도,분당구,개인,여,20대,분당구,거주,유통,편의점,17498,3
202301,2023-01-29,경기도,수정구,개인,여,20대,수정구,거주,유통,편의점,26395,3
202301,2023-01-29,경기도,중원구,개인,여,20대,중원구,거주,유통,편의점,12537,1
202301,2023-01-29,경기도,분당구,개인,여,30대,분당구,거주,유통,편의점,28613,2
202301,2023-01-29,경기도,수정구,개인,여,30대,수정구,거주,유통,편의점,34368,2
202301,2023-01-29,경기도,중원구,개인,여,30대,중원구,거주,유통,편의점,25029,4
202301,2023-01-29,경기도,분당구,개인,여,40대,분당구,거주,유통,편의점,46635,9
202301,2023-01-29,경기도,수정구,개인,여,40대,수정구,거주,유통,편의점,14873,8
202301,2023-01-29,경기도,중원구,개인,여,40대,중원구,거주,유통,편의점,43783,9
202301,2023-01-29,경기도,분당구,개인,여,50대,분당구,거주,유통,편의점,39092,6
202301,2023-01-29,경기도,수정구,개인,여,50대,수정구,거주,유통,편의점,42463,6
202301,2023-01-29,경기도,중원구,개인,여,50대,중원구,거주,유통,편의점,30947,2
202301,2023-01-29,경기도,분당구,개인,여,60대이상,분당구,거주,유통,편의점,39978,9
202301,2023-01-29,경기도,수정구,개인,여,60대이상,수정구,거주,유통,편의점,39007,2
202301,2023-01-29,경기도,중원구,개인,여,60대이상,중원구,거주,유통,편의점,15543,9
202301,2023-01-30,경기도,분당구,개인,남,10대,분당구,거주,유통,편의점,31067,9
202301,2023-01-30,경기도,수정구,개인,남,10대,수정구,거주,유통,편의점,35097,9
202301,2023-01-30,경기도,중원구,개인,남,10대,중원구,거주,유통,편의점,13809,4
202301,2023-01-30,경기도,분당구,개인,남,20대,분당구,거주,유통,편의점,17206,2
202301,2023-01-30,경기도,수정구,개인,남,20대,수정구,거주,유통,편의점,38992,3
202301,2023-01-30,경기도,중원구,개인,남,20대,중원구,거주,유통,편의점,25995,4
202301,2023-01-30,경기도,분당구,개인,남,30대,분당구,거주,유통,편의점,23210,2
202301,2023-01-30,경기도,수정구,개인,남,30대,수정구,거주,유통,편의점,36270,9
202301,2023-01-30,경기도,중원구,개인,남,30대,중원구,거주,유통,편의점,15197,2
202301,2023-01-30,경기도,분당구,개인,남,40대,분당구,거주,유통,편의점,17452,5
202301,2023-01-30,경기도,수정구,개인,남,40대,수정구,거주,유통,편의점,41899,4
202301,2023-01-30,경기도,중원구,개인,남,40대,중원구,거주,유통,편의점,12172,7
202301,2023-01-30,경기도,분당구,개인,남,50대,분당구,거주,유통,편의점,26663,5
202301,2023-01-30,경기도,수정구,개인,남,50대,수정구,거주,유통,편의점,29053,5
202301,2023-01-30,경기도,중원구,개인,남,50대,중원구,거주,유통,편의점,34209,8
202301,2023-01-30,경기도,분당구,개인,남,60대이상,분당구,거주,유통,편의점,13981,2
202301,2023-01-30,경기도,수정구,개인,남,60대이상,수정구,거주,유통,편의점,15247,6
202301,2023-01-30,경기도,중원구,개인,남,60대이상,중원구,거주,유통,편의점,16135,6
202301,2023-01-30,경기도,분당구,개인,여,10대,분당구,거주,유통,편의점,23731,6
202301,2023-01-30,경기도,수정구,개인,여,10대,수정구,거주,유통,편의점,24541,4
202301,2023-01-30,경기도,중원구,개인,여,10대,중원구,거주,유통,편의점,12776,1
202301,2023-01-30,경기도,분당구,개인,여,20대,분당구,거주,유통,편의점,37564,4
202301,2023-01-30,경기도,수정구,개인,여,20대,수정구,거주,유통,편의점,17697,6
202301,2023-01-30,경기도,중원구,개인,여,20대,중원구,거주,유통,편의점,18386,7
202301,2023-01-30,경기도,분당구,개인,여,30대,분당구,거주,유통,편의점,18044,5
202301,2023-01-30,경기도,수정구,개인,여,30대,수정구,거주,유통,편의점,20900,8
202301,2023-01-30,경기도,중원구,개인,여,30대,중원구,거주,유통,편의점,15581,7
202301,2023-01-30,경기도,분당구,개인,여,40대,분당구,거주,유통,편의점,44782,6
202301,2023-01-30,경기도,수정구,개인,여,40대,수정구,거주,유통,편의점,17148,7
202301,2023-01-30,경기도,중원구,개인,여,40대,중원구,거주,유통,편의점,28748,7
202301,2023-01-30,경기도,분당구,개인,여,50대,분당구,거주,유통,편의점,30013,1
202301,2023-01-30,경기도,수정구,개인,여,50대,수정구,거주,유통,편의점,35256,6
202301,2023-01-30,경기도,중원구,개인,여,50대,중원구,거주,유통,편의점,16638,2
202301,2023-01-30,경기도,분당구,개인,여,60대이상,분당구,거주,유통,편의점,46634,4
202301,2023-01-30,경기도,수정구,개인,여,60대이상,수정구,거주,유통,편의점,33382,8
202301,2023-01-30,경기도,중원구,개인,여,60대이상,중원구,거주,유통,편의점,32394,1
